X,Y,OBJECTID,Loc_name,Status,Score,Match_type,Match_addr,Side,User_fld,Addr_type,IN_Street,IN_City,IN_ZIP,IN_State,USER_Date,USER_Address,USER_City,USER_State,USER_Fatal,USER_Year
-86.2128631771998,41.6693581405887,1,Danielle-Cente,M,100,A,"700 S 24TH ST, SOUTH BEND, 46615",L,0,StreetAddress,700 S 24th St. ,South Bend,,IN,2017/09/05 05:00:00+00,700 S 24th St. ,South Bend,IN,No,2017
-86.211669466094,41.6713272595756,2,Danielle-Cente,M,100,A,"500 S 25TH ST, SOUTH BEND, 46615",L,0,StreetAddress,500 S 25th St. ,South Bend,,IN,2016/10/19 05:00:00+00,500 S 25th St. ,South Bend,IN,Yes,2016
-86.2106518499292,41.7061662508028,3,Danielle-Cente,T,88.59,A,"54100 27TH ST, SOUTH BEND, 46635",L,0,StreetAddress,700 S 27th St. ,South Bend,,IN,2015/05/16 05:00:00+00,700 S 27th St. ,South Bend,IN,No,2015
-86.2038256550651,41.6604574240472,4,Danielle-Cente,M,100,A,"1300 S 31ST ST, SOUTH BEND, 46615",R,0,StreetAddress,1300 S 31st. St. ,South Bend,,IN,2016/12/11 05:00:00+00,1300 S 31st. St. ,South Bend,IN,Yes,2016
-86.1990820412278,41.6624664997068,5,Danielle-Cente,M,100,A,"1200 S 35TH ST, SOUTH BEND, 46615",R,0,StreetAddress,1200 S 35th St. ,South Bend,,IN,2017/08/01 05:00:00+00,1200 S 35th St. ,South Bend,IN,No,2017
-86.1978461568524,41.6702902167509,6,Danielle-Cente,M,100,A,"600 S 36TH ST, SOUTH BEND, 46615",L,0,StreetAddress,600 S 36th St. ,South Bend,,IN,2016/10/10 05:00:00+00,600 S 36th St. ,South Bend,IN,No,2016
-86.2751807353556,41.6875518460748,7,Danielle-Cente,M,100,A,"1000 N ADAMS ST, SOUTH BEND, 46628",R,0,StreetAddress,1000 N Adams St. ,South Bend,,IN,2015/08/17 05:00:00+00,1000 N Adams St. ,South Bend,IN,No,2015
-86.2752581876135,41.6908300062244,8,Danielle-Cente,M,79,A,"1201 N ADAMS ST, SOUTH BEND, 46628",L,0,StreetAddress,1200 N Adams St. ,South Bend,,IN,2015/12/08 05:00:00+00,1200 N Adams St. ,South Bend,IN,No,2015
-86.2657843830805,41.682962983007,9,Danielle-Cente,M,100,A,"500 N ALLEN ST, SOUTH BEND, 46616",L,0,StreetAddress,500 N Allen St. ,South Bend,,IN,2015/12/26 05:00:00+00,500 N Allen St. ,South Bend,IN,No,2015
-86.2660539497648,41.6838765595977,10,Danielle-Cente,M,100,A,"700 N ALLEN ST, SOUTH BEND, 46616",R,0,StreetAddress,700 N Allen St. ,South Bend,,IN,2016/11/13 05:00:00+00,700 N Allen St. ,South Bend,IN,No,2016
-86.2714091316443,41.6947571274697,11,Danielle-Cente,M,100,A,"1500 N ANDERSON AV, SOUTH BEND, 46628",R,0,StreetAddress,1500 N Anderson Ave. ,South Bend,,IN,2016/01/18 05:00:00+00,1500 N Anderson Ave. ,South Bend,IN,Yes,2016
-86.2330834036985,41.683553038733,12,Danielle-Cente,M,81.74,A,"600 N ARTHUR ST, SOUTH BEND, 46617",R,0,StreetAddress,600 N Arhur St. ,South Bend,,IN,2017/07/22 05:00:00+00,600 N Arhur St. ,South Bend,IN,No,2017
-86.2935289147085,41.6973055625945,13,Danielle-Cente,M,79,A,"1401 N BENDIX DR, SOUTH BEND, 46628",L,0,StreetAddress,1400 N Bendix Dr. ,South Bend,,IN,2015/03/24 05:00:00+00,1400 N Bendix Dr. ,South Bend,IN,Yes,2015
-86.2887510309516,41.6665783210745,14,Danielle-Cente,M,79,A,"801 S BENDIX DR, SOUTH BEND, 46619",L,0,StreetAddress,800 S Bendix Dr. ,South Bend,,IN,2017/03/16 05:00:00+00,800 S Bendix Dr. ,South Bend,IN,Yes,2017
-86.2732034548193,41.6821738716202,15,Danielle-Cente,T,100,A,"601 N BIRDSELL ST, SOUTH BEND, 46628",L,0,StreetAddress,300 N Birdsell St. ,South Bend,,IN,2017/12/11 05:00:00+00,300 N Birdsell St. ,South Bend,IN,No,2017
-86.2732087238748,41.6805621224485,16,Danielle-Cente,M,100,A,"400 N BIRDSELL ST, SOUTH BEND, 46628",R,0,StreetAddress,400 N Birdsell St. ,South Bend,,IN,2015/09/20 05:00:00+00,400 N Birdsell St. ,South Bend,IN,Yes,2015
-86.2674558635949,41.6893659136702,17,Danielle-Cente,M,100,A,"1100 N BLAINE AV, SOUTH BEND, 46616",R,0,StreetAddress,1100 N Blaine Ave. ,South Bend,,IN,2017/02/06 05:00:00+00,1100 N Blaine Ave. ,South Bend,IN,Yes,2017
-86.2674726472753,41.6909103353156,18,Danielle-Cente,T,86.3,A,"1201 N BLAINE AV, SOUTH BEND, 46628",L,0,StreetAddress,800 N Blaine St. ,South Bend,,IN,2015/10/10 05:00:00+00,800 N Blaine St. ,South Bend,IN,No,2015
-86.2875403024931,41.7199609170964,19,Danielle-Cente,T,100,A,"2653 N BOW CT, SOUTH BEND, 46628",L,0,StreetAddress,2600 N Bow Ct. ,South Bend,,IN,2015/12/24 05:00:00+00,2600 N Bow Ct. ,South Bend,IN,No,2015
-86.2379132978832,41.6536771976655,20,Danielle-Cente,M,100,A,"900 E BOWMAN ST, SOUTH BEND, 46613",R,0,StreetAddress,900 E Bowman St. ,South Bend,,IN,2016/08/19 05:00:00+00,900 E Bowman St. ,South Bend,IN,No,2016
-86.2379132978832,41.6536771976655,21,Danielle-Cente,M,100,A,"900 E BOWMAN ST, SOUTH BEND, 46613",R,0,StreetAddress,900 E Bowman St. ,South Bend,,IN,2016/08/20 05:00:00+00,900 E Bowman St. ,South Bend,IN,No,2016
-86.2444435286515,41.6601777860425,22,Danielle-Cente,M,100,A,"500 E BROADWAY ST, SOUTH BEND, 46613",R,0,StreetAddress,500 E Broadway St. ,South Bend,,IN,2016/05/28 05:00:00+00,500 E Broadway St. ,South Bend,IN,Yes,2016
-86.24105887229,41.6602604541246,23,Danielle-Cente,M,100,A,"700 E BROADWAY ST, SOUTH BEND, 46613",R,0,StreetAddress,700 E Broadway St. ,South Bend,,IN,2016/03/12 05:00:00+00,700 E Broadway St. ,South Bend,IN,No,2016
-86.2777045282716,41.6892122934806,24,Danielle-Cente,M,100,A,"1100 N BROOKFIELD ST, SOUTH BEND, 46628",R,0,StreetAddress,1100 N Brookfield St. ,South Bend,,IN,2015/05/24 05:00:00+00,1100 N Brookfield St. ,South Bend,IN,No,2015
-86.2779377252534,41.7015112892434,25,Danielle-Cente,M,79,A,"1901 N BROOKFIELD ST, SOUTH BEND, 46628",L,0,StreetAddress,1900 N Brookfield St. ,South Bend,,IN,2017/07/31 05:00:00+00,1900 N Brookfield St. ,South Bend,IN,No,2017
-86.229898487857,41.6345356164444,26,Danielle-Cente,T,100,A,"3928 S BROOKTON DR, SOUTH BEND, 46614",L,0,StreetAddress,4000 S Brookton Dr. ,South Bend,,IN,2016/04/05 05:00:00+00,4000 S Brookton Dr. ,South Bend,IN,No,2016
-86.2645996849454,41.7007954141564,27,Danielle-Cente,T,88.59,A,"1014 BRYAN ST, SOUTH BEND, 46616",L,0,StreetAddress,1000 W Bryan St. ,South Bend,,IN,2015/12/25 05:00:00+00,1000 W Bryan St. ,South Bend,IN,No,2015
-86.2689749040406,41.6540156148425,28,Danielle-Cente,T,90.87,A,"1300 W CALVERT ST, SOUTH BEND, 46613",L,0,StreetAddress,1300 E Calvert St. ,South Bend,,IN,2017/11/30 05:00:00+00,1300 E Calvert St. ,South Bend,IN,No,2017
-86.2478754856184,41.6543424401628,29,Danielle-Cente,M,100,A,"200 E CALVERT ST, SOUTH BEND, 46613",L,0,StreetAddress,200 E Calvert St. ,South Bend,,IN,2017/06/10 05:00:00+00,200 E Calvert St. ,South Bend,IN,No,2017
-86.2478754856184,41.6543424401628,30,Danielle-Cente,M,100,A,"200 E CALVERT ST, SOUTH BEND, 46613",L,0,StreetAddress,200 E Calvert St. ,South Bend,,IN,2017/06/22 05:00:00+00,200 E Calvert St. ,South Bend,IN,No,2017
-86.2478754856184,41.6543424401628,31,Danielle-Cente,M,100,A,"200 E CALVERT ST, SOUTH BEND, 46613",L,0,StreetAddress,200 E Calvert St. ,South Bend,,IN,2015/01/04 05:00:00+00,200 E Calvert St. ,South Bend,IN,Yes,2015
-86.2478754856184,41.6543424401628,32,Danielle-Cente,M,100,A,"200 E CALVERT ST, SOUTH BEND, 46613",L,0,StreetAddress,200 E Calvert St. ,South Bend,,IN,2015/01/04 05:00:00+00,200 E Calvert St. ,South Bend,IN,Yes,2015
-86.2587573952687,41.6541440319283,33,Danielle-Cente,M,100,A,"700 W CALVERT ST, SOUTH BEND, 46613",L,0,StreetAddress,700 W Calvert St. ,South Bend,,IN,2017/12/04 05:00:00+00,700 W Calvert St. ,South Bend,IN,No,2017
-86.2422073030191,41.6818841846486,34,Danielle-Cente,T,100,A,"E CEDAR ST, SOUTH BEND, 46617",L,0,StreetAddress,1200 E Cedar St. ,South Bend,,IN,2016/09/26 05:00:00+00,1200 E Cedar St. ,South Bend,IN,Yes,2016
-86.3022118952978,41.6776787686761,35,Danielle-Cente,M,100,A,"200 N CHICAGO ST, SOUTH BEND, 46619",R,0,StreetAddress,200 N Chicago St. ,South Bend,,IN,2015/08/10 05:00:00+00,200 N Chicago St. ,South Bend,IN,No,2015
-86.3021103785956,41.6719048893626,36,Danielle-Cente,M,100,A,"400 S CHICAGO ST, SOUTH BEND, 46619",L,0,StreetAddress,400 S Chicago St. ,South Bend,,IN,2017/01/02 05:00:00+00,400 S Chicago St. ,South Bend,IN,No,2017
-86.2687383259833,41.6911556413325,37,Danielle-Cente,T,86.3,A,"N CLEVELAND AV, SOUTH BEND, 46628",L,0,StreetAddress,1000 N Cleveland St. ,South Bend,,IN,2015/05/17 05:00:00+00,1000 N Cleveland St. ,South Bend,IN,No,2015
-86.2686887063542,41.6893507671867,38,Danielle-Cente,M,100,A,"1100 N CLEVELAND AV, SOUTH BEND, 46628",R,0,StreetAddress,1100 N Cleveland Ave. ,South Bend,,IN,2016/09/23 05:00:00+00,1100 N Cleveland Ave. ,South Bend,IN,No,2016
-86.2686887063542,41.6893507671867,39,Danielle-Cente,M,100,A,"1100 N CLEVELAND AV, SOUTH BEND, 46628",R,0,StreetAddress,1100 N Cleveland Ave. ,South Bend,,IN,2016/09/23 05:00:00+00,1100 N Cleveland Ave. ,South Bend,IN,No,2016
-86.2686887063542,41.6893507671867,40,Danielle-Cente,M,100,A,"1100 N CLEVELAND AV, SOUTH BEND, 46628",R,0,StreetAddress,1100 N Cleveland Ave. ,South Bend,,IN,2016/09/23 05:00:00+00,1100 N Cleveland Ave. ,South Bend,IN,No,2016
-86.3197898875214,41.6805074493491,41,Danielle-Cente,T,86.3,A,"5202 W COLFAX AV, SOUTH BEND, 46619",L,0,StreetAddress,200 W Colfax St. ,South Bend,,IN,2016/05/31 05:00:00+00,200 W Colfax St. ,South Bend,IN,Yes,2016
-86.242887553662,41.6778170609215,42,Danielle-Cente,M,90.87,A,"600 E COLFAX AV, SOUTH BEND, 46617",R,0,StreetAddress,600 W Colfax Ave. ,South Bend,,IN,2015/06/13 05:00:00+00,600 W Colfax Ave. ,South Bend,IN,No,2015
-86.2612621205719,41.6776419521892,43,Danielle-Cente,M,100,A,"800 W COLFAX AV, SOUTH BEND, 46601",L,0,StreetAddress,800 W Colfax Ave. ,South Bend,,IN,2017/05/05 05:00:00+00,800 W Colfax Ave. ,South Bend,IN,No,2017
-86.2764459256466,41.6892273942471,44,Danielle-Cente,M,100,A,"1100 N COLLEGE ST, SOUTH BEND, 46628",R,0,StreetAddress,1100 N College St. ,South Bend,,IN,2017/05/16 05:00:00+00,1100 N College St. ,South Bend,IN,No,2017
-86.2764743767956,41.6908184965005,45,Danielle-Cente,M,79,A,"1201 N COLLEGE ST, SOUTH BEND, 46628",L,0,StreetAddress,1200 N College St. ,South Bend,,IN,2016/07/02 05:00:00+00,1200 N College St. ,South Bend,IN,No,2016
-86.2765410579983,41.6947721697417,46,Danielle-Cente,M,100,A,"1500 N COLLEGE ST, SOUTH BEND, 46628",R,0,StreetAddress,1500 N College St. ,South Bend,,IN,2017/04/17 05:00:00+00,1500 N College St. ,South Bend,IN,No,2017
-86.2765410579983,41.6947721697417,47,Danielle-Cente,M,100,A,"1500 N COLLEGE ST, SOUTH BEND, 46628",R,0,StreetAddress,1500 N College St. ,South Bend,,IN,2017/04/17 05:00:00+00,1500 N College St. ,South Bend,IN,No,2017
-86.2459763570661,41.6870439347429,48,Danielle-Cente,M,89.04,A,"400 E CORBY BLVD, SOUTH BEND, 46617",R,0,StreetAddress,400 E Corby St. ,South Bend,,IN,2015/07/28 05:00:00+00,400 E Corby St. ,South Bend,IN,Yes,2015
-86.30017591625,41.6898486078567,49,Danielle-Cente,T,88.59,A,"3620 CURTISS DR, SOUTH BEND, 46628",L,0,StreetAddress,3700 N Curtiss Dr. ,South Bend,,IN,2017/07/08 05:00:00+00,3700 N Curtiss Dr. ,South Bend,IN,No,2017
-86.2378458500655,41.656044005685,50,Danielle-Cente,M,100,A,"900 E DAYTON ST, SOUTH BEND, 46613",R,0,StreetAddress,900 E Dayton St. ,South Bend,,IN,2017/06/07 05:00:00+00,900 E Dayton St. ,South Bend,IN,No,2017
-86.2699004486961,41.6877811413609,51,Danielle-Cente,M,100,A,"1000 N DIAMOND AV, SOUTH BEND, 46628",R,0,StreetAddress,1000 N Diamond Ave. ,South Bend,,IN,2016/04/23 05:00:00+00,1000 N Diamond Ave. ,South Bend,IN,No,2016
-86.2692074001408,41.6908967188749,52,Danielle-Cente,T,100,A,"1200 N DIAMOND AV, SOUTH BEND, 46628",R,0,StreetAddress,1200 N Diamond Ave. ,South Bend,,IN,2017/02/09 05:00:00+00,1200 N Diamond Ave. ,South Bend,IN,No,2017
-86.2698902852483,41.6873961220062,53,Danielle-Cente,M,100,A,"900 N DIAMOND AV, SOUTH BEND, 46628",R,0,StreetAddress,900 N Diamond Ave. ,South Bend,,IN,2016/07/03 05:00:00+00,900 N Diamond Ave. ,South Bend,IN,No,2016
-86.2671770265189,41.6522290295508,54,Danielle-Cente,M,90.87,A,"1200 W DONALD ST, SOUTH BEND, 46613",L,0,StreetAddress,1200 E Donald St. ,South Bend,,IN,2017/04/15 05:00:00+00,1200 E Donald St. ,South Bend,IN,No,2017
-86.2460602106223,41.6525735312986,55,Danielle-Cente,M,100,A,"300 E DONALD ST, SOUTH BEND, 46613",L,0,StreetAddress,300 E Donald St. ,South Bend,,IN,2017/12/01 05:00:00+00,300 E Donald St. ,South Bend,IN,No,2017
-86.2460602106223,41.6525735312986,56,Danielle-Cente,M,100,A,"300 E DONALD ST, SOUTH BEND, 46613",L,0,StreetAddress,300 E Donald St. ,South Bend,,IN,2016/07/24 05:00:00+00,300 E Donald St. ,South Bend,IN,No,2016
-86.2479096357138,41.6568555617467,57,Danielle-Cente,T,86.3,A,"202 E DUBAIL AV, SOUTH BEND, 46613",L,0,StreetAddress,200 E Dubail St. ,South Bend,,IN,2015/11/09 05:00:00+00,200 E Dubail St. ,South Bend,IN,No,2015
-86.2610656846944,41.6563836653885,58,Danielle-Cente,M,89.04,A,"800 W DUBAIL AV, SOUTH BEND, 46613",L,0,StreetAddress,800 W Dubail St. ,South Bend,,IN,2017/08/29 05:00:00+00,800 W Dubail St. ,South Bend,IN,No,2017
-86.2717014652581,41.6666976083343,59,Danielle-Cente,M,100,A,"1500 W DUNHAM ST, SOUTH BEND, 46619",L,0,StreetAddress,1500 W Dunham St. ,South Bend,,IN,2017/05/02 05:00:00+00,1500 W Dunham St. ,South Bend,IN,No,2017
-86.2496506832514,41.6461999701452,60,Danielle-Cente,M,100,A,"100 E ECKMAN ST, SOUTH BEND, 46614",R,0,StreetAddress,100 E Eckman St. ,South Bend,,IN,2015/05/19 05:00:00+00,100 E Eckman St. ,South Bend,IN,No,2015
-86.2451755811979,41.6463133841755,61,Danielle-Cente,M,100,A,"400 E ECKMAN ST, SOUTH BEND, 46614",R,0,StreetAddress,400 E Eckman St. ,South Bend,,IN,2017/06/15 05:00:00+00,400 E Eckman St. ,South Bend,IN,No,2017
-86.235492384355,41.6912202137181,62,Danielle-Cente,M,100,A,"1231 N EDDY ST, SOUTH BEND, 46617",L,0,StreetAddress,400 N Eddy St. ,South Bend,,IN,2015/01/01 05:00:00+00,400 N Eddy St. ,South Bend,IN,No,2015
-86.2825734181995,41.6927099028913,63,Danielle-Cente,M,100,A,"1300 N ELMER ST, SOUTH BEND, 46628",R,0,StreetAddress,1300 N Elmer St. ,South Bend,,IN,2016/12/02 05:00:00+00,1300 N Elmer St. ,South Bend,IN,No,2016
-86.2826523964936,41.6974406663379,64,Danielle-Cente,M,79,A,"1701 N ELMER ST, SOUTH BEND, 46628",L,0,StreetAddress,1700 N Elmer St. ,South Bend,,IN,2016/08/01 05:00:00+00,1700 N Elmer St. ,South Bend,IN,No,2016
-86.2765250697377,41.6938758698828,65,Danielle-Cente,M,100,A,"1800 W ELWOOD AV, SOUTH BEND, 46628",L,0,StreetAddress,1800 W Elwood Ave. ,South Bend,,IN,2015/02/26 05:00:00+00,1800 W Elwood Ave. ,South Bend,IN,No,2015
-86.2801496173577,41.6938474422232,66,Danielle-Cente,M,89.04,A,"2100 W ELWOOD AV, SOUTH BEND, 46628",L,0,StreetAddress,2100 W Elwood St. ,South Bend,,IN,2016/07/08 05:00:00+00,2100 W Elwood St. ,South Bend,IN,No,2016
-86.2825916744261,41.6938237195235,67,Danielle-Cente,M,100,A,"2300 W ELWOOD AV, SOUTH BEND, 46628",L,0,StreetAddress,2300 W Elwood Ave. ,South Bend,,IN,2016/10/16 05:00:00+00,2300 W Elwood Ave. ,South Bend,IN,No,2016
-86.2825916744261,41.6938237195235,68,Danielle-Cente,M,100,A,"2300 W ELWOOD AV, SOUTH BEND, 46628",L,0,StreetAddress,2300 W Elwood Ave. ,South Bend,,IN,2016/10/16 05:00:00+00,2300 W Elwood Ave. ,South Bend,IN,No,2016
-86.2478453028108,41.6507055030958,69,Danielle-Cente,M,100,A,"200 E EWING AV, SOUTH BEND, 46614",L,0,StreetAddress,200 E Ewing Ave. ,South Bend,,IN,2017/01/01 05:00:00+00,200 E Ewing Ave. ,South Bend,IN,No,2017
-86.2478204254256,41.6479375783673,70,Danielle-Cente,M,89.04,A,"200 E FAIRVIEW AV, SOUTH BEND, 46614",L,0,StreetAddress,200 E Fairview St. ,South Bend,,IN,2015/04/17 05:00:00+00,200 E Fairview St. ,South Bend,IN,No,2015
-86.2972079800493,41.6701350808765,71,Danielle-Cente,M,79,A,"501 S FALCON ST, SOUTH BEND, 46619",L,0,StreetAddress,500 S Falcon St. ,South Bend,,IN,2015/04/19 05:00:00+00,500 S Falcon St. ,South Bend,IN,No,2015
-86.2718685497399,41.682194451513,72,Danielle-Cente,M,89.04,A,"1400 W FASSNACHT ST, SOUTH BEND, 46628",L,0,StreetAddress,1400 W Fassnacht Ave. ,South Bend,,IN,2016/06/24 05:00:00+00,1400 W Fassnacht Ave. ,South Bend,IN,Yes,2016
-86.2738741512736,41.6821712655293,73,Danielle-Cente,M,89.04,A,"1600 W FASSNACHT ST, SOUTH BEND, 46628",L,0,StreetAddress,1600 W Fassnacht Ave. ,South Bend,,IN,2017/05/29 05:00:00+00,1600 W Fassnacht Ave. ,South Bend,IN,No,2017
-86.286387783812,41.7183015631784,74,Danielle-Cente,T,100,A,"2502 W FLINT CT, SOUTH BEND, 46628",L,0,StreetAddress,2400 W Flint Ct. ,South Bend,,IN,2016/04/10 05:00:00+00,2400 W Flint Ct. ,South Bend,IN,Yes,2016
-86.3195024518635,41.6658393310079,75,Danielle-Cente,T,100,A,"5139 W FORD ST, SOUTH BEND, 46619",L,0,StreetAddress,1500 W Ford St. ,South Bend,,IN,2015/08/01 05:00:00+00,1500 W Ford St. ,South Bend,IN,No,2015
-86.2369139786554,41.6805865659488,76,Danielle-Cente,M,100,A,"400 N FRANCES ST, SOUTH BEND, 46617",R,0,StreetAddress,400 N Frances St. ,South Bend,,IN,2016/06/28 05:00:00+00,400 N Frances St. ,South Bend,IN,No,2016
-86.2545148578898,41.6515689778734,77,Danielle-Cente,M,100,A,"2200 S FRANKLIN ST, SOUTH BEND, 46613",L,0,StreetAddress,2200 S Franklin St. ,South Bend,,IN,2015/07/11 05:00:00+00,2200 S Franklin St. ,South Bend,IN,Yes,2015
-86.2922791892185,41.6855189970797,78,Danielle-Cente,T,88.59,A,"FREDERICKSON ST, SOUTH BEND, 46628",L,0,StreetAddress,2000 W Frederickson St. ,South Bend,,IN,2017/06/01 05:00:00+00,2000 W Frederickson St. ,South Bend,IN,No,2017
-86.2922791892185,41.6855189970797,79,Danielle-Cente,T,88.59,A,"FREDERICKSON ST, SOUTH BEND, 46628",L,0,StreetAddress,2100 W Frederickson St. ,South Bend,,IN,2017/08/02 05:00:00+00,2100 W Frederickson St. ,South Bend,IN,Yes,2017
-86.2922791892185,41.6855189970797,80,Danielle-Cente,T,88.59,A,"FREDERICKSON ST, SOUTH BEND, 46628",L,0,StreetAddress,2100 W Frederickson St. ,South Bend,,IN,2017/08/02 05:00:00+00,2100 W Frederickson St. ,South Bend,IN,Yes,2017
-86.2922791892185,41.6855189970797,81,Danielle-Cente,T,88.59,A,"FREDERICKSON ST, SOUTH BEND, 46628",L,0,StreetAddress,2100 W Frederickson St. ,South Bend,,IN,2017/08/02 05:00:00+00,2100 W Frederickson St. ,South Bend,IN,No,2017
-86.2922791892185,41.6855189970797,82,Danielle-Cente,T,88.59,A,"FREDERICKSON ST, SOUTH BEND, 46628",L,0,StreetAddress,2100 W Frederickson St. ,South Bend,,IN,2017/08/02 05:00:00+00,2100 W Frederickson St. ,South Bend,IN,No,2017
-86.2922791892185,41.6855189970797,83,Danielle-Cente,T,88.59,A,"FREDERICKSON ST, SOUTH BEND, 46628",L,0,StreetAddress,2400 W Frederickson St. ,South Bend,,IN,2015/06/09 05:00:00+00,2400 W Frederickson St. ,South Bend,IN,Yes,2015
-86.2850343882158,41.7014255767178,84,Danielle-Cente,M,100,A,"1900 N FREMONT ST, SOUTH BEND, 46628",R,0,StreetAddress,1900 N Fremont St. ,South Bend,,IN,2017/09/22 05:00:00+00,1900 N Fremont St. ,South Bend,IN,No,2017
-86.3068685663116,41.6778857602044,85,Danielle-Cente,M,100,A,"200 N GLADSTONE ST, SOUTH BEND, 46619",R,0,StreetAddress,200 N Gladstone St. ,South Bend,,IN,2016/12/20 05:00:00+00,200 N Gladstone St. ,South Bend,IN,No,2016
-86.2183442131559,41.6563433630607,86,Danielle-Cente,T,100,A,"1905 E GOODSON CT, SOUTH BEND, 46613",R,0,StreetAddress,1900 E Goodson Ct. ,South Bend,,IN,2015/12/06 05:00:00+00,1900 E Goodson Ct. ,South Bend,IN,No,2015
-86.2183442131559,41.6563433630607,87,Danielle-Cente,T,100,A,"1905 E GOODSON CT, SOUTH BEND, 46613",R,0,StreetAddress,1900 E Goodson Ct. ,South Bend,,IN,2015/12/06 05:00:00+00,1900 E Goodson Ct. ,South Bend,IN,No,2015
-86.2719521914861,41.6702125013032,88,Danielle-Cente,M,100,A,"500 S HARRIS ST, SOUTH BEND, 46619",L,0,StreetAddress,500 S Harris St. ,South Bend,,IN,2016/11/10 05:00:00+00,500 S Harris St. ,South Bend,IN,No,2016
-86.2391962203015,41.6408404769971,89,Danielle-Cente,M,100,A,"3300 S HIGH ST, SOUTH BEND, 46614",L,0,StreetAddress,3300 S High St. ,South Bend,,IN,2015/12/24 05:00:00+00,3300 S High St. ,South Bend,IN,Yes,2015
-86.2391962203015,41.6408404769971,90,Danielle-Cente,M,100,A,"3300 S HIGH ST, SOUTH BEND, 46614",L,0,StreetAddress,3300 S High St. ,South Bend,,IN,2016/10/16 05:00:00+00,3300 S High St. ,South Bend,IN,No,2016
-86.2393624057759,41.6387399524757,91,Danielle-Cente,M,100,A,"3500 S HIGH ST, SOUTH BEND, 46614",L,0,StreetAddress,3500 S High St. ,South Bend,,IN,2017/01/26 05:00:00+00,3500 S High St. ,South Bend,IN,Yes,2017
-86.2221949547112,41.6466016506803,92,Danielle-Cente,M,100,A,"2700 S HILLTOP DR, SOUTH BEND, 46614",L,0,StreetAddress,2700 S Hilltop Dr. ,South Bend,,IN,2015/01/11 05:00:00+00,2700 S Hilltop Dr. ,South Bend,IN,No,2015
-86.2221400507273,41.6452459137741,93,Danielle-Cente,M,98.4,A,"2900 S HILLTOP DR, SOUTH BEND, 46614",L,0,StreetAddress,2900 S Hiltop Dr. ,South Bend,,IN,2015/09/22 05:00:00+00,2900 S Hiltop Dr. ,South Bend,IN,No,2015
-86.2812825991593,41.6892226515912,94,Danielle-Cente,M,100,A,"1100 N HUEY ST, SOUTH BEND, 46628",R,0,StreetAddress,1100 N Huey St. ,South Bend,,IN,2017/07/06 05:00:00+00,1100 N Huey St. ,South Bend,IN,No,2017
-86.2812825991593,41.6892226515912,95,Danielle-Cente,M,100,A,"1100 N HUEY ST, SOUTH BEND, 46628",R,0,StreetAddress,1100 N Huey St. ,South Bend,,IN,2015/06/17 05:00:00+00,1100 N Huey St. ,South Bend,IN,No,2015
-86.2812825991593,41.6892226515912,96,Danielle-Cente,M,100,A,"1100 N HUEY ST, SOUTH BEND, 46628",R,0,StreetAddress,1100 N Huey St. ,South Bend,,IN,2016/04/15 05:00:00+00,1100 N Huey St. ,South Bend,IN,No,2016
-86.2813975772738,41.6956749393401,97,Danielle-Cente,M,100,A,"1600 N HUEY ST, SOUTH BEND, 46628",R,0,StreetAddress,1600 N Huey St. ,South Bend,,IN,2015/03/03 05:00:00+00,1600 N Huey St. ,South Bend,IN,No,2015
-86.2813975772738,41.6956749393401,98,Danielle-Cente,M,100,A,"1600 N HUEY ST, SOUTH BEND, 46628",R,0,StreetAddress,1600 N Huey St. ,South Bend,,IN,2015/05/28 05:00:00+00,1600 N Huey St. ,South Bend,IN,No,2015
-86.2815800604657,41.704621533893,99,Danielle-Cente,T,100,A,"2101 N HUEY ST, SOUTH BEND, 46628",L,0,StreetAddress,800 N Huey St. ,South Bend,,IN,2017/11/26 05:00:00+00,800 N Huey St. ,South Bend,IN,No,2017
-86.2752581876135,41.6908300062244,100,Danielle-Cente,M,85.8,A,"1700 W HUMBOLDT ST, SOUTH BEND, 46628",L,0,StreetAddress,1700 W Humbolt St. ,South Bend,,IN,2016/10/20 05:00:00+00,1700 W Humbolt St. ,South Bend,IN,No,2016
-86.3009600453676,41.6755439003091,101,Danielle-Cente,M,100,A,"117 N ILLINOIS ST, SOUTH BEND, 46619",L,0,StreetAddress,100 N Illinois St. ,South Bend,,IN,2015/07/21 05:00:00+00,100 N Illinois St. ,South Bend,IN,No,2015
-86.3009600453676,41.6755439003091,102,Danielle-Cente,M,100,A,"117 N ILLINOIS ST, SOUTH BEND, 46619",L,0,StreetAddress,100 N Illinois St. ,South Bend,,IN,2015/12/23 05:00:00+00,100 N Illinois St. ,South Bend,IN,No,2015
-86.2499144266189,41.6579260221789,103,Danielle-Cente,M,90.87,A,"100 E INDIANA AV, SOUTH BEND, 46613",R,0,StreetAddress,100 W Indiana Ave. ,South Bend,,IN,2017/03/30 05:00:00+00,100 W Indiana Ave. ,South Bend,IN,No,2017
-86.2636609033786,41.6576056530358,104,Danielle-Cente,M,100,A,"1000 W INDIANA AV, SOUTH BEND, 46613",L,0,StreetAddress,1000 W Indiana Ave. ,South Bend,,IN,2017/11/25 05:00:00+00,1000 W Indiana Ave. ,South Bend,IN,No,2017
-86.2636609033786,41.6576056530358,105,Danielle-Cente,M,100,A,"1000 W INDIANA AV, SOUTH BEND, 46613",L,0,StreetAddress,1000 W Indiana Ave. ,South Bend,,IN,2017/11/25 05:00:00+00,1000 W Indiana Ave. ,South Bend,IN,Yes,2017
-86.2636609033786,41.6576056530358,106,Danielle-Cente,M,100,A,"1000 W INDIANA AV, SOUTH BEND, 46613",L,0,StreetAddress,1000 W Indiana Ave. ,South Bend,,IN,2015/07/29 05:00:00+00,1000 W Indiana Ave. ,South Bend,IN,No,2015
-86.2349807964792,41.6585868874328,107,Danielle-Cente,M,100,A,"1100 E INDIANA AV, SOUTH BEND, 46613",R,0,StreetAddress,1100 E Indiana Ave. ,South Bend,,IN,2017/06/05 05:00:00+00,1100 E Indiana Ave. ,South Bend,IN,No,2017
-86.2409956418206,41.6581440281571,108,Danielle-Cente,M,100,A,"700 E INDIANA AV, SOUTH BEND, 46613",R,0,StreetAddress,700 E Indiana Ave. ,South Bend,,IN,2016/12/05 05:00:00+00,700 E Indiana Ave. ,South Bend,IN,No,2016
-86.2165001338865,41.6981351922912,109,Danielle-Cente,M,100,A,"1700 N IRONWOOD DR, SOUTH BEND, 46635",R,0,StreetAddress,1700 N Ironwood Dr. ,South Bend,,IN,2017/08/19 05:00:00+00,1700 N Ironwood Dr. ,South Bend,IN,No,2017
-86.299717474537,41.674039495364,110,Danielle-Cente,M,79,A,"3701 W JEFFERSON BLVD, SOUTH BEND, 46619",R,0,StreetAddress,3700 W Jefferson Blvd. ,South Bend,,IN,2017/04/28 05:00:00+00,3700 W Jefferson Blvd. ,South Bend,IN,No,2017
-86.299717474537,41.674039495364,111,Danielle-Cente,M,79,A,"3701 W JEFFERSON BLVD, SOUTH BEND, 46619",R,0,StreetAddress,3700 W Jefferson Blvd. ,South Bend,,IN,2017/09/26 05:00:00+00,3700 W Jefferson Blvd. ,South Bend,IN,No,2017
-86.2726101127114,41.6749252475395,112,Danielle-Cente,T,100,A,"1420 W JEFFERSON BLVD, SOUTH BEND, 46601",L,0,StreetAddress,3800 W Jefferson Blvd. ,South Bend,,IN,2017/07/23 05:00:00+00,3800 W Jefferson Blvd. ,South Bend,IN,No,2017
-86.278906723307,41.6907928986396,113,Danielle-Cente,M,79,A,"1201 N JOHNSON ST, SOUTH BEND, 46628",L,0,StreetAddress,1200 N Johnson St. ,South Bend,,IN,2015/03/30 05:00:00+00,1200 N Johnson St. ,South Bend,IN,No,2015
-86.2789998837657,41.6957024439831,114,Danielle-Cente,M,100,A,"1600 N JOHNSON ST, SOUTH BEND, 46628",R,0,StreetAddress,1600 N Johnson St. ,South Bend,,IN,2017/10/11 05:00:00+00,1600 N Johnson St. ,South Bend,IN,No,2017
-86.278906723307,41.6907928986396,115,Danielle-Cente,T,100,A,"1201 N JOHNSON ST, SOUTH BEND, 46628",L,0,StreetAddress,300 N Johnson St. ,South Bend,,IN,2016/05/17 05:00:00+00,300 N Johnson St. ,South Bend,IN,No,2016
-86.2722861278477,41.6975872971428,116,Danielle-Cente,M,100,A,"1500 W KELLER ST, SOUTH BEND, 46628",L,0,StreetAddress,1500 W Keller St. ,South Bend,,IN,2017/09/23 05:00:00+00,1500 W Keller St. ,South Bend,IN,No,2017
-86.2598896320053,41.6514318797891,117,Danielle-Cente,M,100,A,"2200 S KENDALL ST, SOUTH BEND, 0",L,0,StreetAddress,2200 S Kendall St. ,South Bend,,IN,2017/05/18 05:00:00+00,2200 S Kendall St. ,South Bend,IN,No,2017
-86.2598896320053,41.6514318797891,118,Danielle-Cente,M,100,A,"2200 S KENDALL ST, SOUTH BEND, 0",L,0,StreetAddress,2200 S Kendall St. ,South Bend,,IN,2017/05/18 05:00:00+00,2200 S Kendall St. ,South Bend,IN,Yes,2017
-86.2936658104859,41.6755962325127,119,Danielle-Cente,M,100,A,"100 S KENTUCKY ST, SOUTH BEND, 46619",L,0,StreetAddress,100 S Kentucky St. ,South Bend,,IN,2017/03/02 05:00:00+00,100 S Kentucky St. ,South Bend,IN,No,2017
-86.2936003982866,41.6719835379201,120,Danielle-Cente,M,100,A,"400 S KENTUCKY ST, SOUTH BEND, 46619",L,0,StreetAddress,400 S Kentucky St. ,South Bend,,IN,2015/11/15 05:00:00+00,400 S Kentucky St. ,South Bend,IN,No,2015
-86.2849663188646,41.6806667369679,121,Danielle-Cente,M,90.87,A,"2500 KENWOOD AV, SOUTH BEND, 46628",L,0,StreetAddress,2500 W Kenwood Ave. ,South Bend,,IN,2016/05/21 05:00:00+00,2500 W Kenwood Ave. ,South Bend,IN,No,2016
-86.270475223536,41.6971183650241,122,Danielle-Cente,M,100,A,"1300 W KINYON ST, SOUTH BEND, 46616",L,0,StreetAddress,1300 W Kinyon St. ,South Bend,,IN,2015/08/27 05:00:00+00,1300 W Kinyon St. ,South Bend,IN,No,2015
-86.270475223536,41.6971183650241,123,Danielle-Cente,M,100,A,"1300 W KINYON ST, SOUTH BEND, 46616",L,0,StreetAddress,1300 W Kinyon St. ,South Bend,,IN,2015/09/05 05:00:00+00,1300 W Kinyon St. ,South Bend,IN,No,2015
-86.2740954486436,41.666667007663,124,Danielle-Cente,M,100,A,"800 S KOSCIUSZKO ST, SOUTH BEND, 46619",L,0,StreetAddress,800 S Kosciuszko St. ,South Bend,,IN,2016/09/14 05:00:00+00,800 S Kosciuszko St. ,South Bend,IN,No,2016
-86.2536342119757,41.6790700452343,125,Danielle-Cente,M,100,A,"300 N LAFAYETTE BLVD, SOUTH BEND, 46601",R,0,StreetAddress,300 N Lafayette Blvd. ,South Bend,,IN,2015/08/01 05:00:00+00,300 N Lafayette Blvd. ,South Bend,IN,Yes,2015
-86.2536342119757,41.6790700452343,126,Danielle-Cente,M,100,A,"300 N LAFAYETTE BLVD, SOUTH BEND, 46601",R,0,StreetAddress,300 N Lafayette Blvd. ,South Bend,,IN,2015/08/01 05:00:00+00,300 N Lafayette Blvd. ,South Bend,IN,No,2015
-86.2536644532117,41.6804172630666,127,Danielle-Cente,M,89.04,A,"400 N LAFAYETTE BLVD, SOUTH BEND, 46601",R,0,StreetAddress,400 N Lafayette St. ,South Bend,,IN,2015/12/12 05:00:00+00,400 N Lafayette St. ,South Bend,IN,No,2015
-86.2960704587827,41.6740669068985,128,Danielle-Cente,T,100,A,"141 S LAKE ST, SOUTH BEND, 46619",L,0,StreetAddress,200 S Lake St. ,South Bend,,IN,2015/04/24 05:00:00+00,200 S Lake St. ,South Bend,IN,No,2015
-86.2719323341496,41.6832295650986,129,Danielle-Cente,T,86.3,A,"673 N LAWNDALE AV, SOUTH BEND, 46628",L,0,StreetAddress,1000 N Lawndale St. ,South Bend,,IN,2016/08/27 05:00:00+00,1000 N Lawndale St. ,South Bend,IN,Yes,2016
-86.2382445015422,41.6597765956821,130,Danielle-Cente,M,100,A,"1500 S LEBANON ST, SOUTH BEND, 46613",L,0,StreetAddress,1500 S Lebanon St. ,South Bend,,IN,2017/09/23 05:00:00+00,1500 S Lebanon St. ,South Bend,IN,Yes,2017
-86.2382445015422,41.6597765956821,131,Danielle-Cente,M,100,A,"1500 S LEBANON ST, SOUTH BEND, 46613",L,0,StreetAddress,1500 S Lebanon St. ,South Bend,,IN,2017/09/23 05:00:00+00,1500 S Lebanon St. ,South Bend,IN,No,2017
-86.2901157280103,41.6741116701421,132,Danielle-Cente,T,100,A,"141 S LIBERTY ST, SOUTH BEND, 46619",L,0,StreetAddress,700 S Liberty St. ,South Bend,,IN,2015/01/29 05:00:00+00,700 S Liberty St. ,South Bend,IN,No,2015
-86.3350046487499,41.7039876186946,133,Danielle-Cente,T,100,A,"LINCOLN WAY W, SOUTH BEND, 46628",L,0,StreetAddress,1100 Lincoln Way West ,South Bend,,IN,2015/04/27 05:00:00+00,1100 Lincoln Way West ,South Bend,IN,No,2015
-86.2615880660776,41.7426497979233,134,Danielle-Cente,M,100,A,"724 N LINDENWOOD DR, SOUTH BEND, 46637",L,0,StreetAddress,800 N Lindenwood Dr. ,South Bend,,IN,2017/02/10 05:00:00+00,800 N Lindenwood Dr. ,South Bend,IN,No,2017
-86.2624245960718,41.6839201875581,135,Danielle-Cente,M,89.04,A,"900 W LINDSEY AV, SOUTH BEND, 46616",L,0,StreetAddress,900 W Lindsey St. ,South Bend,,IN,2017/02/04 05:00:00+00,900 W Lindsey St. ,South Bend,IN,No,2017
-86.1964496209736,41.6605971119697,136,Danielle-Cente,T,100,A,"S LOGAN ST, SOUTH BEND, 46615",L,0,StreetAddress,100 S Logan St. ,South Bend,,IN,2017/04/30 05:00:00+00,100 S Logan St. ,South Bend,IN,Yes,2017
-86.1964496209736,41.6605971119697,137,Danielle-Cente,T,100,A,"S LOGAN ST, SOUTH BEND, 46615",L,0,StreetAddress,100 S Logan St. ,South Bend,,IN,2017/04/30 05:00:00+00,100 S Logan St. ,South Bend,IN,No,2017
-86.2471438159323,41.6348479257262,138,Danielle-Cente,M,100,A,"300 E LUELDE ST, SOUTH BEND, 46614",R,0,StreetAddress,300 E Luelde St. ,South Bend,,IN,2015/06/20 05:00:00+00,300 E Luelde St. ,South Bend,IN,No,2015
-86.235266595298,41.6806015754188,139,Danielle-Cente,M,79,A,"1101 E MADISON ST, SOUTH BEND, 46617",R,0,StreetAddress,1100 E Madison St. ,South Bend,,IN,2017/09/18 05:00:00+00,1100 E Madison St. ,South Bend,IN,No,2017
-86.235266595298,41.6806015754188,140,Danielle-Cente,M,79,A,"1101 E MADISON ST, SOUTH BEND, 46617",R,0,StreetAddress,1100 E Madison St. ,South Bend,,IN,2017/09/18 05:00:00+00,1100 E Madison St. ,South Bend,IN,No,2017
-86.2330328216296,41.6805965332616,141,Danielle-Cente,M,79,A,"1201 E MADISON ST, SOUTH BEND, 46617",R,0,StreetAddress,1200 E Madison St. ,South Bend,,IN,2017/02/16 05:00:00+00,1200 E Madison St. ,South Bend,IN,No,2017
-86.2515269388914,41.6397461321239,142,Danielle-Cente,T,100,A,"3401 S MAIN ST, SOUTH BEND, 46614",L,0,StreetAddress,1100 S Main St. ,South Bend,,IN,2016/12/03 05:00:00+00,1100 S Main St. ,South Bend,IN,Yes,2016
-86.2048349985548,41.6811174942884,143,Danielle-Cente,T,100,A,"339 N MANCHESTER DR, SOUTH BEND, 46615",L,0,StreetAddress,300 N Manchester Dr. ,South Bend,,IN,2015/05/17 05:00:00+00,300 N Manchester Dr. ,South Bend,IN,Yes,2015
-86.2411148422687,41.6623624247781,144,Danielle-Cente,T,100,A,"S MARIETTA ST, SOUTH BEND, 46601",L,0,StreetAddress,1400 S Marietta St. ,South Bend,,IN,2015/08/24 05:00:00+00,1400 S Marietta St. ,South Bend,IN,No,2015
-86.2320566689701,41.6585850700762,145,Danielle-Cente,M,100,A,"1600 S MARINE ST, SOUTH BEND, 46613",L,0,StreetAddress,1600 S Marine St. ,South Bend,,IN,2017/11/24 05:00:00+00,1600 S Marine St. ,South Bend,IN,No,2017
-86.2861215982574,41.6924036736169,146,Danielle-Cente,M,100,A,"1300 N MEADE ST, SOUTH BEND, 46628",R,0,StreetAddress,1300 N Meade St. ,South Bend,,IN,2015/05/08 05:00:00+00,1300 N Meade St. ,South Bend,IN,No,2015
-86.2865250131273,41.6864659717791,147,Danielle-Cente,M,100,A,"900 N MEADE ST, SOUTH BEND, 46628",R,0,StreetAddress,900 N Meade St. ,South Bend,,IN,2015/07/19 05:00:00+00,900 N Meade St. ,South Bend,IN,No,2015
-86.3083471937313,41.6617597642646,148,Danielle-Cente,M,100,A,"4400 W MEADOW LN, SOUTH BEND, 46619",L,0,StreetAddress,4400 W Meadow Ln. ,South Bend,,IN,2016/10/06 05:00:00+00,4400 W Meadow Ln. ,South Bend,IN,Yes,2016
-86.2498910246247,41.6568021272472,149,Danielle-Cente,M,79,A,"1601 S MICHIGAN ST, SOUTH BEND, 46613",L,0,StreetAddress,1600 S Michigan St. ,South Bend,,IN,2015/09/20 05:00:00+00,1600 S Michigan St. ,South Bend,IN,No,2015
-86.2498151831297,41.6543059218131,150,Danielle-Cente,M,79,A,"2001 S MICHIGAN ST, SOUTH BEND, 46613",L,0,StreetAddress,2000 S Michigan St. ,South Bend,,IN,2015/01/25 05:00:00+00,2000 S Michigan St. ,South Bend,IN,No,2015
-86.2498151831297,41.6543059218131,151,Danielle-Cente,M,79,A,"2001 S MICHIGAN ST, SOUTH BEND, 46613",L,0,StreetAddress,2000 S Michigan St. ,South Bend,,IN,2016/08/07 05:00:00+00,2000 S Michigan St. ,South Bend,IN,No,2016
-86.2497547896819,41.6526992361006,152,Danielle-Cente,T,79,A,"2101 S MICHIGAN ST, SOUTH BEND, 46613",L,0,StreetAddress,2100 S Michigan St. ,South Bend,,IN,2016/07/13 05:00:00+00,2100 S Michigan St. ,South Bend,IN,No,2016
-86.2497547896819,41.6526992361006,153,Danielle-Cente,T,79,A,"2101 S MICHIGAN ST, SOUTH BEND, 46613",L,0,StreetAddress,2100 S Michigan St. ,South Bend,,IN,2016/07/26 05:00:00+00,2100 S Michigan St. ,South Bend,IN,No,2016
-86.2497568914634,41.6529578441391,154,Danielle-Cente,T,79,A,"2201 S MICHIGAN ST, SOUTH BEND, 46613",L,0,StreetAddress,2200 S Michigan St. ,South Bend,,IN,2017/06/15 05:00:00+00,2200 S Michigan St. ,South Bend,IN,No,2017
-86.2500741567041,41.6382624130041,155,Danielle-Cente,T,100,A,"3507 S MICHIGAN ST, SOUTH BEND, 46614",L,0,StreetAddress,2600 S Michigan St. ,South Bend,,IN,2017/03/16 05:00:00+00,2600 S Michigan St. ,South Bend,IN,No,2017
-86.2496526144916,41.6464141974781,156,Danielle-Cente,M,79,A,"2701 S MICHIGAN ST, SOUTH BEND, 46614",L,0,StreetAddress,2700 S Michigan St. ,South Bend,,IN,2017/05/23 05:00:00+00,2700 S Michigan St. ,South Bend,IN,No,2017
-86.2500741567041,41.6382624130041,157,Danielle-Cente,T,100,A,"3507 S MICHIGAN ST, SOUTH BEND, 46614",L,0,StreetAddress,3000 S Michigan St. ,South Bend,,IN,2017/03/12 05:00:00+00,3000 S Michigan St. ,South Bend,IN,Yes,2017
-86.2498372576861,41.6407059387107,158,Danielle-Cente,M,79,A,"3201 S MICHIGAN ST, SOUTH BEND, 46614",L,0,StreetAddress,3200 S Michigan St. ,South Bend,,IN,2017/01/11 05:00:00+00,3200 S Michigan St. ,South Bend,IN,No,2017
-86.2478796903395,41.6548507423482,159,Danielle-Cente,T,100,A,"136 E MILTON ST, SOUTH BEND, 46613",L,0,StreetAddress,200 E Milton St. ,South Bend,,IN,2016/06/08 05:00:00+00,200 E Milton St. ,South Bend,IN,No,2016
-86.2282183671832,41.6658577207531,160,Danielle-Cente,M,100,A,"1400 E MISHAWAKA AV, SOUTH BEND, 46615",R,0,StreetAddress,1400 E Mishawaka Ave. ,South Bend,,IN,2017/03/10 05:00:00+00,1400 E Mishawaka Ave. ,South Bend,IN,No,2017
-86.2116265256624,41.6657250803005,161,Danielle-Cente,M,100,A,"2500 E MISHAWAKA AV, SOUTH BEND, 46615",R,0,StreetAddress,2500 E Mishawaka Ave. ,South Bend,,IN,2017/03/10 05:00:00+00,2500 E Mishawaka Ave. ,South Bend,IN,No,2017
-86.257111048933,41.6712573583451,162,Danielle-Cente,M,89.04,A,"600 W MONROE CIR, SOUTH BEND, 46601",L,0,StreetAddress,600 W Monroe St. ,South Bend,,IN,2017/10/30 05:00:00+00,600 W Monroe St. ,South Bend,IN,No,2017
-86.2643903904915,41.6800032770962,163,Danielle-Cente,M,79,A,"1001 W OAK ST, SOUTH BEND, 46616",R,0,StreetAddress,1000 W Oak St. ,South Bend,,IN,2017/11/18 05:00:00+00,1000 W Oak St. ,South Bend,IN,No,2017
-86.2800292561121,41.6872126754533,164,Danielle-Cente,M,100,A,"1000 N O'BRIEN ST, SOUTH BEND, 46628",R,0,StreetAddress,1000 N O'Brien St. ,South Bend,,IN,2016/04/11 05:00:00+00,1000 N O'Brien St. ,South Bend,IN,No,2016
-86.2800857743665,41.6907840822054,165,Danielle-Cente,M,79,A,"1201 N O'BRIEN ST, SOUTH BEND, 46628",L,0,StreetAddress,1200 N O'Brien St. ,South Bend,,IN,2017/07/04 05:00:00+00,1200 N O'Brien St. ,South Bend,IN,No,2017
-86.2801258085472,41.6926603792462,166,Danielle-Cente,M,100,A,"1300 N O'BRIEN ST, SOUTH BEND, 46628",R,0,StreetAddress,1300 N O'Brien St. ,South Bend,,IN,2017/04/06 05:00:00+00,1300 N O'Brien St. ,South Bend,IN,Yes,2017
-86.2802058276465,41.6974720074841,167,Danielle-Cente,M,100,A,"1700 N O'BRIEN ST, SOUTH BEND, 46628",R,0,StreetAddress,1700 N O'Brien St. ,South Bend,,IN,2015/10/24 05:00:00+00,1700 N O'Brien St. ,South Bend,IN,No,2015
-86.2802058276465,41.6974720074841,168,Danielle-Cente,M,100,A,"1700 N O'BRIEN ST, SOUTH BEND, 46628",R,0,StreetAddress,1700 N O'Brien St. ,South Bend,,IN,2015/10/24 05:00:00+00,1700 N O'Brien St. ,South Bend,IN,No,2015
-86.280051740029,41.6892354717588,169,Danielle-Cente,M,100,A,"1100 N O'BRIEN ST, SOUTH BEND, 46628",R,0,StreetAddress,1100 N O'Brien St. ,South Bend,,IN,2016/06/25 05:00:00+00,1100 N O'Brien St. ,South Bend,IN,No,2016
-86.2837823241465,41.6938218997099,170,Danielle-Cente,M,100,A,"1400 N OLIVE ST, SOUTH BEND, 46628",R,0,StreetAddress,1400 N Olive St. ,South Bend,,IN,2015/03/02 05:00:00+00,1400 N Olive St. ,South Bend,IN,Yes,2015
-86.2837589636459,41.6919156565722,171,Danielle-Cente,T,100,A,"1301 N OLIVE ST, SOUTH BEND, 46628",L,0,StreetAddress,300 N Olive St. ,South Bend,,IN,2015/04/19 05:00:00+00,300 N Olive St. ,South Bend,IN,No,2015
-86.2835211562651,41.6806789730567,172,Danielle-Cente,M,100,A,"400 N OLIVE ST, SOUTH BEND, 46628",R,0,StreetAddress,400 N Olive St. ,South Bend,,IN,2015/10/15 05:00:00+00,400 N Olive St. ,South Bend,IN,No,2015
-86.2835211562651,41.6806789730567,173,Danielle-Cente,M,100,A,"400 N OLIVE ST, SOUTH BEND, 46628",R,0,StreetAddress,400 N Olive St. ,South Bend,,IN,2015/10/15 05:00:00+00,400 N Olive St. ,South Bend,IN,No,2015
-86.2835211562651,41.6806789730567,174,Danielle-Cente,M,100,A,"400 N OLIVE ST, SOUTH BEND, 46628",R,0,StreetAddress,400 N Olive St. ,South Bend,,IN,2016/07/04 05:00:00+00,400 N Olive St. ,South Bend,IN,No,2016
-86.2349152248297,41.6537491557501,175,Danielle-Cente,M,74.89,M,"2001 MIAMI RD, SOUTH BEND, 46613",L,0,StreetAddress,2000 S Miami St. ,South Bend,,IN,2015/07/19 05:00:00+00,2000 S Miami St. ,South Bend,IN,No,2015
-86.2832991769018,41.6720727788066,176,Danielle-Cente,M,100,A,"315 S OLIVE ST, SOUTH BEND, 46619",L,0,StreetAddress,800 S Olive St. ,South Bend,,IN,2015/09/06 05:00:00+00,800 S Olive St. ,South Bend,IN,Yes,2015
-86.283643535784,41.686158439665,177,Danielle-Cente,M,85.3,A,"W PRAST BLVD & N OLIVE ST, SOUTH BEND, 46628",,,StreetInt,Prast & Olive St.,South Bend,,IN,2016/10/19 05:00:00+00,Prast & Olive St.,South Bend,IN,No,2016
-86.2055512857183,41.6888810227893,178,Danielle-Cente,M,100,A,"1000 N PATTY LN, SOUTH BEND, 46615",R,0,StreetAddress,1000 N Patty Ln. ,South Bend,,IN,2017/08/12 05:00:00+00,1000 N Patty Ln. ,South Bend,IN,No,2017
-86.2062530865998,41.6875380538711,179,Danielle-Cente,M,100,A,"1001 N PATTY LN, SOUTH BEND, 46615",L,0,StreetAddress,900 N Patty Ln. ,South Bend,,IN,2016/01/15 05:00:00+00,900 N Patty Ln. ,South Bend,IN,No,2016
-86.2062530865998,41.6875380538711,180,Danielle-Cente,M,100,A,"1001 N PATTY LN, SOUTH BEND, 46615",L,0,StreetAddress,900 N Patty Ln. ,South Bend,,IN,2016/06/11 05:00:00+00,900 N Patty Ln. ,South Bend,IN,No,2016
-86.2660406013227,41.6910486650751,181,Danielle-Cente,M,100,A,"1200 N PORTAGE AV, SOUTH BEND, 46616",R,0,StreetAddress,1200 N Portage Ave. ,South Bend,,IN,2016/03/06 05:00:00+00,1200 N Portage Ave. ,South Bend,IN,No,2016
-86.269146007431,41.693949003073,182,Danielle-Cente,T,100,A,"1355 N PORTAGE AV, SOUTH BEND, 46628",L,0,StreetAddress,1400 N Portage Ave. ,South Bend,,IN,2017/06/24 05:00:00+00,1400 N Portage Ave. ,South Bend,IN,No,2017
-86.2882648174326,41.7260369167391,183,Danielle-Cente,M,79.91,A,"3600 PORTAGE RD, SOUTH BEND, 46628",R,0,StreetAddress,3600 N Portage Ave. ,South Bend,,IN,2015/11/10 05:00:00+00,3600 N Portage Ave. ,South Bend,IN,No,2015
-86.2851180285959,41.6483030591871,184,Danielle-Cente,M,100,A,"2600 W PRAIRIE AV, SOUTH BEND, 46614",L,0,StreetAddress,2600 W Prairie Ave. ,South Bend,,IN,2015/07/06 05:00:00+00,2600 W Prairie Ave. ,South Bend,IN,No,2015
-86.2857426394688,41.6864810843876,185,Danielle-Cente,M,89.04,A,"2500 W PRAST BLVD, SOUTH BEND, 46628",L,0,StreetAddress,2500 W Prast St. ,South Bend,,IN,2015/02/25 05:00:00+00,2500 W Prast St. ,South Bend,IN,Yes,2015
-86.2986448385794,41.6888411227333,186,Danielle-Cente,M,90.87,A,"3500 PUTNAM PL, SOUTH BEND, 46628",L,0,StreetAddress,3500 W Putnam Pl. ,South Bend,,IN,2016/10/17 05:00:00+00,3500 W Putnam Pl. ,South Bend,IN,No,2016
-86.2675005939482,41.6962392970711,187,Danielle-Cente,M,79,A,"1201 W QUEEN ST, SOUTH BEND, 46616",R,0,StreetAddress,1200 W Queen St. ,South Bend,,IN,2015/08/29 05:00:00+00,1200 W Queen St. ,South Bend,IN,Yes,2015
-86.2806403135448,41.6825172541797,188,Danielle-Cente,M,100,A,"2100 W ROGER ST, SOUTH BEND, 46628",L,0,StreetAddress,2100 W Roger St. ,South Bend,,IN,2016/02/28 05:00:00+00,2100 W Roger St. ,South Bend,IN,No,2016
-86.2811129317571,41.6825148039886,189,Danielle-Cente,M,100,A,"2200 W ROGER ST, SOUTH BEND, 46628",L,0,StreetAddress,2200 W Roger St. ,South Bend,,IN,2017/07/29 05:00:00+00,2200 W Roger St. ,South Bend,IN,No,2017
-86.2811129317571,41.6825148039886,190,Danielle-Cente,M,100,A,"2200 W ROGER ST, SOUTH BEND, 46628",L,0,StreetAddress,2200 W Roger St. ,South Bend,,IN,2017/07/29 05:00:00+00,2200 W Roger St. ,South Bend,IN,No,2017
-86.2587970905398,41.6564144701614,191,Danielle-Cente,M,100,A,"1635 S SCOTT ST, SOUTH BEND, 46613",L,0,StreetAddress,1900 S Scott St. ,South Bend,,IN,2016/07/31 05:00:00+00,1900 S Scott St. ,South Bend,IN,No,2016
-86.2649168479129,41.6878506477484,192,Danielle-Cente,M,89.04,A,"1000 N SHERMAN AV, SOUTH BEND, 46616",R,0,StreetAddress,1000 N Sherman St. ,South Bend,,IN,2015/11/11 05:00:00+00,1000 N Sherman St. ,South Bend,IN,No,2015
-86.264965215214,41.6893954154483,193,Danielle-Cente,T,86.3,A,"1101 N SHERMAN AV, SOUTH BEND, 46616",L,0,StreetAddress,800 N Sherman St. ,South Bend,,IN,2015/12/06 05:00:00+00,800 N Sherman St. ,South Bend,IN,No,2015
-86.2369799640823,41.6898485717389,194,Danielle-Cente,M,100,A,"1000 E ST VINCENT ST, SOUTH BEND, 46617",R,0,StreetAddress,1000 E St. Vincent St.,South Bend,,IN,2016/10/31 05:00:00+00,1000 E St. Vincent St.,South Bend,IN,No,2016
-86.2835211562651,41.6806789730567,195,Danielle-Cente,M,89.04,A,"2400 KENWOOD AV, SOUTH BEND, 46628",L,0,StreetAddress,2400 Kenwood St.  ,South Bend,,IN,2015/10/05 05:00:00+00,2400 Kenwood St.  ,South Bend,IN,No,2015
-86.2478283089298,41.6497912675503,196,Danielle-Cente,M,100,A,"2400 S ST JOSEPH ST, SOUTH BEND, 46614",L,0,StreetAddress,2400 S St. Joseph St.,South Bend,,IN,2016/06/17 05:00:00+00,2400 S St. Joseph St.,South Bend,IN,No,2016
-86.2414606414414,41.6818895609628,197,Danielle-Cente,M,89.04,A,"500 N ST LOUIS BLVD, SOUTH BEND, 46617",R,0,StreetAddress,500 N St. Louis St.,South Bend,,IN,2016/04/30 05:00:00+00,500 N St. Louis St.,South Bend,IN,No,2016
-86.2718159759242,41.6805998017511,198,Danielle-Cente,M,100,A,"400 N STUDEBAKER ST, SOUTH BEND, 46628",R,0,StreetAddress,400 N Studebaker St. ,South Bend,,IN,2015/08/07 05:00:00+00,400 N Studebaker St. ,South Bend,IN,No,2015
-86.2718159759242,41.6805998017511,199,Danielle-Cente,M,100,A,"400 N STUDEBAKER ST, SOUTH BEND, 46628",R,0,StreetAddress,400 N Studebaker St. ,South Bend,,IN,2016/08/14 05:00:00+00,400 N Studebaker St. ,South Bend,IN,No,2016
-86.2718159759242,41.6805998017511,200,Danielle-Cente,M,100,A,"400 N STUDEBAKER ST, SOUTH BEND, 46628",R,0,StreetAddress,400 N Studebaker St. ,South Bend,,IN,2016/08/14 05:00:00+00,400 N Studebaker St. ,South Bend,IN,No,2016
-86.2718627967323,41.6819986039697,201,Danielle-Cente,M,100,A,"500 N STUDEBAKER ST, SOUTH BEND, 46628",R,0,StreetAddress,500 N Studebaker St. ,South Bend,,IN,2015/08/09 05:00:00+00,500 N Studebaker St. ,South Bend,IN,No,2015
-86.2574038262774,41.6564279726446,202,Danielle-Cente,M,100,A,"1700 S TAYLOR ST, SOUTH BEND, 46613",L,0,StreetAddress,1700 S Taylor St. ,South Bend,,IN,2017/04/09 05:00:00+00,1700 S Taylor St. ,South Bend,IN,No,2017
-86.2633861647522,41.6743045188381,203,Danielle-Cente,M,100,A,"900 W THOMAS ST, SOUTH BEND, 46601",L,0,StreetAddress,900 W Thomas St. ,South Bend,,IN,2017/08/14 05:00:00+00,900 W Thomas St. ,South Bend,IN,No,2017
-86.2636823082472,41.6860178060537,204,Danielle-Cente,M,98.72,A,"1000 W VAN BUREN ST, SOUTH BEND, 46616",L,0,StreetAddress,1000 W VanBuren St. ,South Bend,,IN,2016/01/03 05:00:00+00,1000 W VanBuren St. ,South Bend,IN,No,2016
-86.2636823082472,41.6860178060537,205,Danielle-Cente,M,98.72,A,"1000 W VAN BUREN ST, SOUTH BEND, 46616",L,0,StreetAddress,1000 W VanBuren St. ,South Bend,,IN,2016/01/03 05:00:00+00,1000 W VanBuren St. ,South Bend,IN,No,2016
-86.2673434590328,41.6859700706909,206,Danielle-Cente,M,98.72,A,"1200 W VAN BUREN ST, SOUTH BEND, 46628",L,0,StreetAddress,1200 W VanBuren St. ,South Bend,,IN,2015/03/26 05:00:00+00,1200 W VanBuren St. ,South Bend,IN,No,2015
-86.2723703007058,41.6866233761584,207,Danielle-Cente,M,98.72,A,"1500 W VAN BUREN ST, SOUTH BEND, 46628",L,0,StreetAddress,1500 W Vanburen St. ,South Bend,,IN,2016/09/08 05:00:00+00,1500 W Vanburen St. ,South Bend,IN,No,2016
-86.2125312133868,41.6766249366177,208,Danielle-Cente,M,100,A,"105 N VARSITY DR, SOUTH BEND, 46615",L,0,StreetAddress,100 N Varsity Dr. ,South Bend,,IN,2017/11/21 05:00:00+00,100 N Varsity Dr. ,South Bend,IN,Yes,2017
-86.2699437991817,41.6893255603943,209,Danielle-Cente,M,90.87,A,"1300 W VASSAR AV, SOUTH BEND, 46628",L,0,StreetAddress,1300 N Vassar Ave. ,South Bend,,IN,2016/08/28 05:00:00+00,1300 N Vassar Ave. ,South Bend,IN,No,2016
-86.2699437991817,41.6893255603943,210,Danielle-Cente,M,96.35,A,"1300 W VASSAR AV, SOUTH BEND, 46628",L,0,StreetAddress,1300 W Vasser Ave. ,South Bend,,IN,2016/05/19 05:00:00+00,1300 W Vasser Ave. ,South Bend,IN,No,2016
-86.2164684965352,41.6640837369689,211,Danielle-Cente,T,100,A,"2023 E VINE ST, SOUTH BEND, 46615",L,0,StreetAddress,3600 E Vine St. ,South Bend,,IN,2017/02/06 05:00:00+00,3600 E Vine St. ,South Bend,IN,No,2017
-86.2361588029518,41.659828890458,212,Danielle-Cente,M,100,A,"1500 S VIRGINIA ST, SOUTH BEND, 46613",L,0,StreetAddress,1500 S Virginia St. ,South Bend,,IN,2017/06/23 05:00:00+00,1500 S Virginia St. ,South Bend,IN,No,2017
-86.2704793780519,41.681949820139,213,Danielle-Cente,M,100,A,"500 N WALNUT ST, SOUTH BEND, 46616",R,0,StreetAddress,500 N Walnut St. ,South Bend,,IN,2016/03/31 05:00:00+00,500 N Walnut St. ,South Bend,IN,No,2016
-86.3107730489504,41.6752382681217,214,Danielle-Cente,T,100,A,"111 N WALTON AV, SOUTH BEND, 46619",L,0,StreetAddress,100 N Walton Ave. ,South Bend,,IN,2017/07/04 05:00:00+00,100 N Walton Ave. ,South Bend,IN,No,2017
-86.2799821095533,41.6702747644014,215,Danielle-Cente,M,79,A,"501 S WARREN ST, SOUTH BEND, 46619",L,0,StreetAddress,500 S Warren St. ,South Bend,,IN,2015/03/25 05:00:00+00,500 S Warren St. ,South Bend,IN,No,2015
-86.2682361260233,41.6762143518388,216,Danielle-Cente,M,100,A,"1200 W WASHINGTON ST, SOUTH BEND, 46601",L,0,StreetAddress,1200 W Washington St. ,South Bend,,IN,2017/07/08 05:00:00+00,1200 W Washington St. ,South Bend,IN,No,2017
-86.2715404475079,41.6761699235891,217,Danielle-Cente,M,100,A,"1400 W WASHINGTON ST, SOUTH BEND, 46601",L,0,StreetAddress,1400 W Washington St. ,South Bend,,IN,2017/03/29 05:00:00+00,1400 W Washington St. ,South Bend,IN,No,2017
-86.2961016611971,41.6755853787537,218,Danielle-Cente,M,100,A,"3400 W WASHINGTON ST, SOUTH BEND, 46619",L,0,StreetAddress,3400 W Washington St. ,South Bend,,IN,2017/05/20 05:00:00+00,3400 W Washington St. ,South Bend,IN,Yes,2017
-86.2961016611971,41.6755853787537,219,Danielle-Cente,M,100,A,"3400 W WASHINGTON ST, SOUTH BEND, 46619",L,0,StreetAddress,3400 W Washington St. ,South Bend,,IN,2017/06/05 05:00:00+00,3400 W Washington St. ,South Bend,IN,No,2017
-86.297306375756,41.6755713924063,220,Danielle-Cente,M,100,A,"3500 W WASHINGTON ST, SOUTH BEND, 46619",L,0,StreetAddress,3500 W Washington St. ,South Bend,,IN,2016/12/17 05:00:00+00,3500 W Washington St. ,South Bend,IN,No,2016
-86.2591035932835,41.6763141035263,221,Danielle-Cente,M,90.87,A,"700 W WASHINGTON ST, SOUTH BEND, 46601",L,0,StreetAddress,700 E Washington St. ,South Bend,,IN,2016/03/29 05:00:00+00,700 E Washington St. ,South Bend,IN,No,2016
-86.2739484192142,41.685399766254,222,Danielle-Cente,M,100,A,"1600 LINCOLN WAY W, SOUTH BEND, 46628",L,0,StreetAddress,1600 Lincoln Way West ,South Bend,,IN,2016/08/18 05:00:00+00,1600 Lincoln Way West ,South Bend,IN,No,2016
-86.277404185426,41.6864400125535,223,Danielle-Cente,M,100,A,"1800 LINCOLN WAY W, SOUTH BEND, 46628",L,0,StreetAddress,1800 Lincoln Way West ,South Bend,,IN,2016/08/02 05:00:00+00,1800 Lincoln Way West ,South Bend,IN,No,2016
-86.277404185426,41.6864400125535,224,Danielle-Cente,M,100,A,"1800 LINCOLN WAY W, SOUTH BEND, 46628",L,0,StreetAddress,1800 Lincoln Way West ,South Bend,,IN,2016/08/02 05:00:00+00,1800 Lincoln Way West ,South Bend,IN,No,2016
-86.2591470109063,41.6808518730519,225,Danielle-Cente,M,100,A,"700 LINCOLN WAY W, SOUTH BEND, 46616",L,0,StreetAddress,700 Lincoln Way West ,South Bend,,IN,2015/12/03 05:00:00+00,700 Lincoln Way West ,South Bend,IN,No,2015
-86.2687293415935,41.6685404503485,226,Danielle-Cente,M,100,A,"700 S WEBSTER ST, SOUTH BEND, 46619",L,0,StreetAddress,700 S Webster St. ,South Bend,,IN,2016/10/08 05:00:00+00,700 S Webster St. ,South Bend,IN,No,2016
-86.2687293415935,41.6685404503485,227,Danielle-Cente,M,100,A,"700 S WEBSTER ST, SOUTH BEND, 46619",L,0,StreetAddress,700 S Webster St. ,South Bend,,IN,2016/10/08 05:00:00+00,700 S Webster St. ,South Bend,IN,No,2016
-86.2997776941598,41.6776844901498,228,Danielle-Cente,M,100,A,"200 N WELLINGTON ST, SOUTH BEND, 46619",R,0,StreetAddress,200 N Wellington St. ,South Bend,,IN,2017/02/19 05:00:00+00,200 N Wellington St. ,South Bend,IN,No,2017
-86.3003277725216,41.6662060972714,229,Danielle-Cente,M,100,A,"800 S WELLINGTON ST, SOUTH BEND, 46619",L,0,StreetAddress,800 S Wellington St. ,South Bend,,IN,2016/06/10 05:00:00+00,800 S Wellington St. ,South Bend,IN,No,2016
-86.2677869640446,41.683560789074,230,Danielle-Cente,M,100,A,"1200 LINCOLN WAY W, SOUTH BEND, 46628",L,0,StreetAddress,1200 Lincoln Way West ,South Bend,,IN,2017/07/26 05:00:00+00,1200 Lincoln Way West ,South Bend,IN,No,2017
-86.3350046487499,41.7039876186946,231,Danielle-Cente,T,100,A,"LINCOLN WAY W, SOUTH BEND, 46628",L,0,StreetAddress,3000 Lincoln Way West ,South Bend,,IN,2017/02/10 05:00:00+00,3000 Lincoln Way West ,South Bend,IN,No,2017
-86.3350046487499,41.7039876186946,232,Danielle-Cente,T,100,A,"LINCOLN WAY W, SOUTH BEND, 46628",L,0,StreetAddress,3200 Lincoln Way West ,South Bend,,IN,2017/10/21 05:00:00+00,3200 Lincoln Way West ,South Bend,IN,Yes,2017
-86.2591470109063,41.6808518730519,233,Danielle-Cente,M,100,A,"700 LINCOLN WAY W, SOUTH BEND, 46616",L,0,StreetAddress,700 Lincoln Way West ,South Bend,,IN,2017/08/19 05:00:00+00,700 Lincoln Way West ,South Bend,IN,No,2017
-86.2591470109063,41.6808518730519,234,Danielle-Cente,M,100,A,"700 LINCOLN WAY W, SOUTH BEND, 46616",L,0,StreetAddress,700 Lincoln Way West ,South Bend,,IN,2016/11/27 05:00:00+00,700 Lincoln Way West ,South Bend,IN,No,2016
-86.2724448195784,41.672094775529,235,Danielle-Cente,T,100,A,"1500 W WESTERN AV, SOUTH BEND, 46619",L,0,StreetAddress,1500 W Western Ave. ,South Bend,,IN,2017/02/05 05:00:00+00,1500 W Western Ave. ,South Bend,IN,No,2017
-86.274202308469,41.6721828994927,236,Danielle-Cente,M,100,A,"1600 W WESTERN AV, SOUTH BEND, 46619",L,0,StreetAddress,1600 W Western Ave. ,South Bend,,IN,2017/11/24 05:00:00+00,1600 W Western Ave. ,South Bend,IN,No,2017
-86.274202308469,41.6721828994927,237,Danielle-Cente,M,100,A,"1600 W WESTERN AV, SOUTH BEND, 46619",L,0,StreetAddress,1600 W Western Ave. ,South Bend,,IN,2015/04/05 05:00:00+00,1600 W Western Ave. ,South Bend,IN,No,2015
-86.274202308469,41.6721828994927,238,Danielle-Cente,M,100,A,"1600 W WESTERN AV, SOUTH BEND, 46619",L,0,StreetAddress,1600 W Western Ave. ,South Bend,,IN,2015/04/05 05:00:00+00,1600 W Western Ave. ,South Bend,IN,No,2015
-86.274202308469,41.6721828994927,239,Danielle-Cente,M,100,A,"1600 W WESTERN AV, SOUTH BEND, 46619",L,0,StreetAddress,1600 W Western Ave. ,South Bend,,IN,2015/09/20 05:00:00+00,1600 W Western Ave. ,South Bend,IN,Yes,2015
-86.274202308469,41.6721828994927,240,Danielle-Cente,M,100,A,"1600 W WESTERN AV, SOUTH BEND, 46619",L,0,StreetAddress,1600 W Western Ave. ,South Bend,,IN,2016/03/28 05:00:00+00,1600 W Western Ave. ,South Bend,IN,No,2016
-86.2852350643981,41.6720443000476,241,Danielle-Cente,M,100,A,"2500 W WESTERN AV, SOUTH BEND, 46619",R,0,StreetAddress,2500 W Western Ave. ,South Bend,,IN,2016/02/27 05:00:00+00,2500 W Western Ave. ,South Bend,IN,No,2016
-86.2960388113681,41.6719591443705,242,Danielle-Cente,M,100,A,"3400 W WESTERN AV, SOUTH BEND, 46619",L,0,StreetAddress,3400 W Western Ave. ,South Bend,,IN,2015/07/26 05:00:00+00,3400 W Western Ave. ,South Bend,IN,No,2015
-86.2972492114119,41.6719525098092,243,Danielle-Cente,M,100,A,"3500 W WESTERN AV, SOUTH BEND, 46619",L,0,StreetAddress,3500 W Western Ave. ,South Bend,,IN,2017/03/20 05:00:00+00,3500 W Western Ave. ,South Bend,IN,No,2017
-86.2972492114119,41.6719525098092,244,Danielle-Cente,M,100,A,"3500 W WESTERN AV, SOUTH BEND, 46619",L,0,StreetAddress,3500 W Western Ave. ,South Bend,,IN,2015/11/30 05:00:00+00,3500 W Western Ave. ,South Bend,IN,No,2015
-86.2972492114119,41.6719525098092,245,Danielle-Cente,M,100,A,"3500 W WESTERN AV, SOUTH BEND, 46619",L,0,StreetAddress,3500 W Western Ave. ,South Bend,,IN,2016/05/17 05:00:00+00,3500 W Western Ave. ,South Bend,IN,No,2016
-86.3193109039182,41.671992090632,246,Danielle-Cente,T,100,A,"W WESTERN AV, SOUTH BEND, 46619",L,0,StreetAddress,3900 W Western Ave. ,South Bend,,IN,2015/12/04 05:00:00+00,3900 W Western Ave. ,South Bend,IN,No,2015
-86.3102580177055,41.6718759736432,247,Danielle-Cente,M,79,A,"4501 W WESTERN AV, SOUTH BEND, 46619",R,0,StreetAddress,4500 W Western Ave. ,South Bend,,IN,2015/01/29 05:00:00+00,4500 W Western Ave. ,South Bend,IN,No,2015
-86.27400669703,41.6892437267166,248,Danielle-Cente,M,100,A,"1100 N WILBER ST, SOUTH BEND, 46628",R,0,StreetAddress,1100 N Wilber St. ,South Bend,,IN,2017/06/12 05:00:00+00,1100 N Wilber St. ,South Bend,IN,No,2017
-86.27400669703,41.6892437267166,249,Danielle-Cente,M,100,A,"1100 N WILBER ST, SOUTH BEND, 46628",R,0,StreetAddress,1100 N Wilber St. ,South Bend,,IN,2017/06/27 05:00:00+00,1100 N Wilber St. ,South Bend,IN,No,2017
-86.2740419025988,41.6908313779174,250,Danielle-Cente,M,79,A,"1201 N WILBER ST, SOUTH BEND, 46628",L,0,StreetAddress,1200 N Wilber St. ,South Bend,,IN,2017/09/29 05:00:00+00,1200 N Wilber St. ,South Bend,IN,No,2017
-86.2740419025988,41.6908313779174,251,Danielle-Cente,M,79,A,"1201 N WILBER ST, SOUTH BEND, 46628",L,0,StreetAddress,1200 N Wilber St. ,South Bend,,IN,2016/05/18 05:00:00+00,1200 N Wilber St. ,South Bend,IN,No,2016
-86.2740952039363,41.6929079487184,252,Danielle-Cente,M,79,A,"1301 N WILBER ST, SOUTH BEND, 46628",L,0,StreetAddress,1300 N Wilber St. ,South Bend,,IN,2016/05/24 05:00:00+00,1300 N Wilber St. ,South Bend,IN,No,2016
-86.2560392376914,41.6578089302388,253,Danielle-Cente,M,85.8,A,"1600 S WILLIAM ST, SOUTH BEND, 46613",L,0,StreetAddress,1600 S Williams St. ,South Bend,,IN,2015/05/03 05:00:00+00,1600 S Williams St. ,South Bend,IN,No,2015
-86.2560392376914,41.6578089302388,254,Danielle-Cente,M,85.8,A,"1600 S WILLIAM ST, SOUTH BEND, 46613",L,0,StreetAddress,1600 S Williams St. ,South Bend,,IN,2015/05/03 05:00:00+00,1600 S Williams St. ,South Bend,IN,No,2015
-86.2560392376914,41.6578089302388,255,Danielle-Cente,M,85.8,A,"1600 S WILLIAM ST, SOUTH BEND, 46613",L,0,StreetAddress,1600 S Williams St. ,South Bend,,IN,2015/05/03 05:00:00+00,1600 S Williams St. ,South Bend,IN,No,2015
-86.2560392376914,41.6578089302388,256,Danielle-Cente,M,85.8,A,"1600 S WILLIAM ST, SOUTH BEND, 46613",L,0,StreetAddress,1600 S Williams St. ,South Bend,,IN,2015/05/03 05:00:00+00,1600 S Williams St. ,South Bend,IN,No,2015
-86.3206142306989,41.6775207788301,257,Danielle-Cente,M,100,A,"5200 W WINDFALL CT, SOUTH BEND, 46619",L,0,StreetAddress,5200 W Windfall Ct. ,South Bend,,IN,2017/04/25 05:00:00+00,5200 W Windfall Ct. ,South Bend,IN,Yes,2017
-86.2644207748856,41.6909304597115,258,Danielle-Cente,T,86.3,A,"1035 W YUKON AV, SOUTH BEND, 46616",L,0,StreetAddress,1000 W Yukon St. ,South Bend,,IN,2017/02/18 05:00:00+00,1000 W Yukon St. ,South Bend,IN,Yes,2017
-86.2644207748856,41.6909304597115,259,Danielle-Cente,T,86.3,A,"1035 W YUKON AV, SOUTH BEND, 46616",L,0,StreetAddress,1000 W Yukon St. ,South Bend,,IN,2017/02/18 05:00:00+00,1000 W Yukon St. ,South Bend,IN,No,2017
-86.2644207748856,41.6909304597115,260,Danielle-Cente,T,86.3,A,"1035 W YUKON AV, SOUTH BEND, 46616",L,0,StreetAddress,1000 W Yukon St. ,South Bend,,IN,2017/02/18 05:00:00+00,1000 W Yukon St. ,South Bend,IN,No,2017
-86.2644207748856,41.6909304597115,261,Danielle-Cente,T,86.3,A,"1035 W YUKON AV, SOUTH BEND, 46616",L,0,StreetAddress,1000 W Yukon St. ,South Bend,,IN,2017/02/18 05:00:00+00,1000 W Yukon St. ,South Bend,IN,No,2017
-86.2644207748856,41.6909304597115,262,Danielle-Cente,T,86.3,A,"1035 W YUKON AV, SOUTH BEND, 46616",L,0,StreetAddress,1000 W Yukon St. ,South Bend,,IN,2015/08/14 05:00:00+00,1000 W Yukon St. ,South Bend,IN,Yes,2015
-86.3005181498353,41.6857438759297,263,Danielle-Cente,M,100,A,"ILLINOIS ST, SOUTH BEND, 46628",L,0,StreetAddress,Illinois St.,South Bend,,IN,2017/11/17 05:00:00+00,Illinois St.,South Bend,IN,No,2017
,,264,,U,0,A,,,,,Unknown,South Bend,,IN,2016/03/05 05:00:00+00,Unknown,South Bend,IN,No,2016
,,265,,U,0,A,,,,,Unknown,South Bend,,IN,2016/08/03 05:00:00+00,Unknown,South Bend,IN,No,2016
,,266,,U,0,A,,,,,Unknown,South Bend,,IN,2016/09/25 05:00:00+00,Unknown,South Bend,IN,No,2016
,,267,,U,0,A,,,,,Unknown,South Bend,,IN,2017/04/19 05:00:00+00,Unknown,South Bend,IN,No,2017
,,268,,U,0,A,,,,,Unknown,South Bend,,IN,2017/05/10 05:00:00+00,Unknown,South Bend,IN,No,2017
-86.2266563127376,41.6627808933743,269,World,M,98.82,A,"Clover St & Hildreth St, South Bend, Indiana, 46615",,,StreetInt,,South Bend,,,2018/01/18 05:00:00+00,Clover/Hildreth  ,South Bend,IN,Yes,2018
-86.2790117928901,41.6994065644956,270,World,M,97.46,A,"1800 Johnson St, South Bend, Indiana, 46628",R,,StreetAddress,,South Bend,,,2018/01/11 05:00:00+00,1800 N Johnson ,South Bend,IN,Yes,2018
-86.2459106611019,41.6883195385721,271,World,M,97.46,A,"400 Howard St, South Bend, Indiana, 46617",R,,StreetAddress,,South Bend,,,2018/01/22 05:00:00+00,400 E Howard ,South Bend,IN,No,2018
-86.255504107265,41.6816837123854,272,World,M,98.71,A,"400 W Marion St, South Bend, Indiana, 46601",R,,StreetAddress,,South Bend,,,2018/01/23 05:00:00+00,400 W Marion ,South Bend,IN,No,2018
-86.3072305554833,41.6627047107895,273,World,M,97.46,A,"4300 Silver Ln, South Bend, Indiana, 46619",R,,StreetAddress,,South Bend,,,2018/02/17 05:00:00+00,4300 W Silver ,South Bend,IN,Yes,2018
-86.2392418958865,41.6559373600737,274,World,M,98.71,A,"800 E Dayton St, South Bend, Indiana, 46613",R,,StreetAddress,,South Bend,,,2018/03/11 05:00:00+00,800 E Dayton ,South Bend,IN,No,2018
-86.2392418958865,41.6559373600737,275,World,M,98.71,A,"800 E Dayton St, South Bend, Indiana, 46613",R,,StreetAddress,,South Bend,,,2018/03/11 05:00:00+00,800 E Dayton ,South Bend,IN,No,2018
-86.2392418958865,41.6559373600737,276,World,M,98.71,A,"800 E Dayton St, South Bend, Indiana, 46613",R,,StreetAddress,,South Bend,,,2018/03/11 05:00:00+00,800 E Dayton ,South Bend,IN,No,2018
-86.2824713058665,41.689271592254,277,World,M,98.71,A,"1100 N Elmer St, South Bend, Indiana, 46628",R,,StreetAddress,,South Bend,,,2018/02/19 05:00:00+00,1100 N Elmer ,South Bend,IN,No,2018
-86.2392418958865,41.6559373600737,278,World,M,98.71,A,"800 E Dayton St, South Bend, Indiana, 46613",R,,StreetAddress,,South Bend,,,2018/03/11 05:00:00+00,800 E Dayton ,South Bend,IN,No,2018
-86.2826110327991,41.6974978171549,279,World,M,98.71,A,"1700 N Elmer St, South Bend, Indiana, 46628",R,,StreetAddress,,South Bend,,,2018/03/22 05:00:00+00,1700 N Elmer ,South Bend,IN,No,2018
-86.2704940489497,41.6793441240959,280,World,M,97.46,A,"1300 Linden Ave, South Bend, Indiana, 46628",R,,StreetAddress,,South Bend,,,2018/03/17 05:00:00+00,1300 W Linden ,South Bend,IN,No,2018
-86.2392418958865,41.6559373600737,281,World,M,98.71,A,"800 E Dayton St, South Bend, Indiana, 46613",R,,StreetAddress,,South Bend,,,2018/03/11 05:00:00+00,800 E Dayton ,South Bend,IN,No,2018
-86.2849922167697,41.7014854869544,282,World,M,97.46,A,"1900 Fremont St, South Bend, Indiana, 46628",R,,StreetAddress,,South Bend,,,2018/03/14 05:00:00+00,1900 N Fremont ,South Bend,IN,No,2018
-86.2838018329024,41.6938218957917,283,World,M,98.45,A,"N Olive St & Elwood Ave, South Bend, Indiana, 46628",,,StreetInt,,South Bend,,,2018/03/23 05:00:00+00,Olive/Elwood  ,South Bend,IN,No,2018
-86.2697336712807,41.6947162057227,284,World,M,97.46,A,"1300 King St, South Bend, Indiana, 46628",R,,StreetAddress,,South Bend,,,2018/04/17 05:00:00+00,1300 W King ,South Bend,IN,No,2018
-86.2392418958865,41.6559373600737,285,World,M,98.71,A,"800 E Dayton St, South Bend, Indiana, 46613",R,,StreetAddress,,South Bend,,,2018/03/11 05:00:00+00,800 E Dayton ,South Bend,IN,No,2018
-86.2348711546641,41.6536773418443,286,World,M,97.46,A,"2000 Miami St, South Bend, Indiana, 46613",R,,StreetAddress,,South Bend,,,2018/04/02 05:00:00+00,2000 S Miami ,South Bend,IN,No,2018
-86.2352783175035,41.6792328965566,287,World,M,98.08,A,"N Eddy St & E Lasalle Ave, South Bend, Indiana, 46617",,,StreetInt,,South Bend,,,2018/05/29 05:00:00+00, Eddy/Lasalle  ,South Bend,IN,No,2018
-86.2537544465491,41.6817295025809,288,World,M,98.71,A,"300 W Marion St, South Bend, Indiana, 46601",R,,StreetAddress,,South Bend,,,2018/03/22 05:00:00+00,300 W Marion ,South Bend,IN,No,2018
-86.246003524668,41.6525259624163,289,World,M,98.7,A,"2100 Carroll St, South Bend, Indiana, 46613",R,,StreetAddress,,South Bend,,,2018/06/07 05:00:00+00,2100 Carroll  ,South Bend,IN,No,2018
-86.2537544465491,41.6817295025809,290,World,M,94.84,A,"300 W Marion St, South Bend, Indiana, 46601",R,,StreetAddress,,South Bend,,,2018/03/22 05:00:00+00,300 W Maion ,South Bend,IN,No,2018
-86.2774211521736,41.6781914327536,291,World,M,98.71,A,"200 N Brookfield St, South Bend, Indiana, 46628",R,,StreetAddress,,South Bend,,,2018/04/19 05:00:00+00,200 N Brookfield ,South Bend,IN,No,2018
-86.2354594569715,41.6912602599242,292,World,M,98.71,A,"1200 N Eddy St, South Bend, Indiana, 46617",R,,StreetAddress,,South Bend,,,2018/03/25 05:00:00+00,1200 N Eddy ,South Bend,IN,No,2018
-86.2681047459148,41.6877592916335,293,World,M,97.46,A,"1200 California St, South Bend, Indiana, 46628",R,,StreetAddress,,South Bend,,,2018/03/30 05:00:00+00,1200 W California ,South Bend,IN,No,2018
-86.2977591909372,41.6890365143017,294,World,M,98.7,A,"3500 Curtiss Dr, South Bend, Indiana, 46628",L,,StreetAddress,,South Bend,,,2018/04/13 05:00:00+00,3500 Curtiss  ,South Bend,IN,No,2018
-86.2652244187294,41.6789305250709,295,World,M,97.46,A,"300 Laporte Ave, South Bend, Indiana, 46616",R,,StreetAddress,,South Bend,,,2018/06/10 05:00:00+00,300 N LaPorte ,South Bend,IN,No,2018
-86.2300481802892,41.6819025274253,296,World,M,97.46,A,"1300 Cedar St, South Bend, Indiana, 46617",R,,StreetAddress,,South Bend,,,2018/05/06 05:00:00+00,1300 E Cedar ,South Bend,IN,No,2018
-86.2894350843501,41.6854826146077,297,World,M,97.46,A,"2800 Frederickson St, South Bend, Indiana, 46628",R,,StreetAddress,,South Bend,,,2018/04/14 05:00:00+00,2800 W Frederickson ,South Bend,IN,No,2018
-86.2348711546641,41.6536773418443,298,World,M,97.46,A,"2000 Miami St, South Bend, Indiana, 46613",R,,StreetAddress,,South Bend,,,2018/05/02 05:00:00+00,2000 S Miami ,South Bend,IN,No,2018
-86.2652244187294,41.6789305250709,299,World,M,97.46,A,"300 Laporte Ave, South Bend, Indiana, 46616",R,,StreetAddress,,South Bend,,,2018/06/10 05:00:00+00,300 N LaPorte ,South Bend,IN,No,2018
-86.3007428209782,41.6954830676332,300,World,M,95.81,A,"1600 N Illinois St, South Bend, Indiana, 46628",R,,StreetAddress,,South Bend,,,2018/04/20 05:00:00+00,1600 N. Illinios ,South Bend,IN,No,2018
-86.2383492148233,41.6792730097203,301,World,M,98.71,A,"300 N Notre Dame Ave, South Bend, Indiana, 46617",R,,StreetAddress,,South Bend,,,2018/05/22 05:00:00+00,300 N Notre Dame,South Bend,IN,No,2018
-86.2409381285476,41.6580706370127,302,World,M,98.71,A,"700 E Indiana Ave, South Bend, Indiana, 46613",R,,StreetAddress,,South Bend,,,2018/05/09 05:00:00+00,700 E Indiana ,South Bend,IN,No,2018
-86.2539368196379,41.6288030362564,303,World,M,98.71,A,"300 W Ireland Rd, South Bend, Indiana, 46614",L,,StreetAddress,,South Bend,,,2018/05/08 05:00:00+00,300 W Ireland ,South Bend,IN,No,2018
-86.2772778821909,41.6548529515265,304,World,M,98.71,A,"1800 S Brookfield St, South Bend, Indiana, 46613",R,,StreetAddress,,South Bend,,,2018/06/10 05:00:00+00,1800 S Brookfield ,South Bend,IN,No,2018
-86.2718222211622,41.6822539387197,305,World,M,97.46,A,"600 Studebaker St, South Bend, Indiana, 46628",R,,StreetAddress,,South Bend,,,2018/05/28 05:00:00+00,600 N Studebaker ,South Bend,IN,Yes,2018
-86.2688560070849,41.6692551076537,306,World,M,97.46,A,"1300 Grace St, South Bend, Indiana, 46619",R,,StreetAddress,,South Bend,,,2018/06/17 05:00:00+00,1300 W Grace ,South Bend,IN,No,2018
-86.2367908605594,41.668553951195,307,World,M,98.7,A,"900 Northside Blvd, South Bend, Indiana, 46617",L,,StreetAddress,,South Bend,,,2018/06/23 05:00:00+00,900 Northside  ,South Bend,IN,Yes,2018
-86.28941747379,41.6846099960394,308,World,M,97.46,A,"2800 Westmoor St, South Bend, Indiana, 46628",R,,StreetAddress,,South Bend,,,2018/05/26 05:00:00+00,2800 W Westmoor ,South Bend,IN,No,2018
-86.2308695122697,41.6859321910807,309,World,M,97.46,A,"1300 Campeau St, South Bend, Indiana, 46617",L,,StreetAddress,,South Bend,,,2018/09/01 05:00:00+00,1300 E Campeau ,South Bend,IN,No,2018
-86.2824713058665,41.689271592254,310,World,M,98.71,A,"1100 N Elmer St, South Bend, Indiana, 46628",R,,StreetAddress,,South Bend,,,2018/06/07 05:00:00+00,1100 N Elmer ,South Bend,IN,No,2018
-86.282528332485,41.689213895585,311,World,M,93.59,A,"N Elmer St & Vassar Ave, South Bend, Indiana, 46628",,,StreetInt,,South Bend,,,2018/07/01 05:00:00+00,Elmer/Vasser  ,South Bend,IN,No,2018
-86.2799192991477,41.6815412231297,312,World,M,97.46,A,"2100 Bertrand St, South Bend, Indiana, 46628",R,,StreetAddress,,South Bend,,,2018/09/09 05:00:00+00,2100 W Bertrand ,South Bend,IN,Yes,2018
-86.2537544465491,41.6817295025809,313,World,M,98.71,A,"300 W Marion St, South Bend, Indiana, 46601",R,,StreetAddress,,South Bend,,,2018/10/04 05:00:00+00,300 W Marion ,South Bend,IN,No,2018
-86.2348869147888,41.6546245778707,314,World,M,97.46,A,"1900 Miami St, South Bend, Indiana, 46613",R,,StreetAddress,,South Bend,,,2018/07/02 05:00:00+00,1900 S Miami ,South Bend,IN,No,2018
-86.2758953480214,41.6820633765121,315,World,M,97.46,A,"1700 Fassnacht St, South Bend, Indiana, 46628",R,,StreetAddress,,South Bend,,,2018/07/04 05:00:00+00,1700 W Fassnacht ,South Bend,IN,No,2018
-86.2760188486524,41.685941078832,316,World,M,100,A,"1700 Lincolnway W, South Bend, Indiana, 46628",L,,StreetAddress,,South Bend,,,2018/11/06 05:00:00+00,1700 Lincolnway West  ,South Bend,IN,No,2018
-86.2537544465491,41.6817295025809,317,World,M,98.71,A,"300 W Marion St, South Bend, Indiana, 46601",R,,StreetAddress,,South Bend,,,2018/10/04 05:00:00+00,300 W Marion ,South Bend,IN,No,2018
-86.271362194123,41.6948259563084,318,World,M,97.46,A,"1500 Anderson Ave, South Bend, Indiana, 46628",R,,StreetAddress,,South Bend,,,2018/10/07 05:00:00+00,1500 N Anderson ,South Bend,IN,Yes,2018
-86.283438469502,41.6781472556315,319,World,M,98.71,A,"200 N Olive St, South Bend, Indiana, 46628",R,,StreetAddress,,South Bend,,,2018/11/15 05:00:00+00,200 N Olive ,South Bend,IN,No,2018
-86.2578989977087,41.6789485568956,320,World,M,98.71,A,"600 W Lasalle Ave, South Bend, Indiana, 46601",R,,StreetAddress,,South Bend,,,2018/07/11 05:00:00+00,600 W LaSalle ,South Bend,IN,No,2018
-86.2380094127905,41.6570093756305,321,World,T,98.21,A,"900 E Dubail St, South Bend, Indiana, 46613",R,,StreetAddress,,South Bend,,,2018/10/10 05:00:00+00,900 Dubail  ,South Bend,IN,No,2018
-86.2485841790351,41.6685249604659,322,World,M,98.71,A,"1300 S St Joseph St, South Bend, Indiana, 46601",R,,StreetAddress,,South Bend,,,2018/09/14 05:00:00+00,1300 S St Joseph,South Bend,IN,No,2018
-86.2837424603698,41.6861054019932,323,World,M,97.46,A,"2400 Prast Blvd, South Bend, Indiana, 46628",L,,StreetAddress,,South Bend,,,2018/07/26 05:00:00+00,2400 W Prast ,South Bend,IN,No,2018
-86.2497793884684,41.6547059988226,324,World,M,97.46,A,"100 Milton St, South Bend, Indiana, 46613",R,,StreetAddress,,South Bend,,,2018/09/18 05:00:00+00,100 E Milton ,South Bend,IN,Yes,2018
-86.2536068044937,41.6791270884228,325,World,M,98.71,A,"300 N Lafayette Blvd, South Bend, Indiana, 46601",R,,StreetAddress,,South Bend,,,2018/08/11 05:00:00+00,300 N Lafayette ,South Bend,IN,No,2018
-86.303398356922,41.6718294221188,326,World,M,98.71,A,"4000 W Western Ave, South Bend, Indiana, 46619",R,,StreetAddress,,South Bend,,,2018/09/24 05:00:00+00,4000 W Western ,South Bend,IN,No,2018
-86.2801067269954,41.6720457861236,327,World,M,98.71,A,"2100 W Western Ave, South Bend, Indiana, 46619",R,,StreetAddress,,South Bend,,,2018/08/12 05:00:00+00,2100 W Western ,South Bend,IN,No,2018
-86.2690764981291,41.6815153480657,328,World,M,96.46,A,"500 Laporte Ave, South Bend, Indiana, 46628",R,,StreetAddress,,South Bend,,,2018/11/16 05:00:00+00,500 N La Porte,South Bend,IN,No,2018
-86.236868714463,41.6885430113363,329,World,M,98.71,A,"1000 N Frances St, South Bend, Indiana, 46617",R,,StreetAddress,,South Bend,,,2018/09/30 05:00:00+00,1000 N Frances ,South Bend,IN,No,2018
-86.3009828449588,41.6739453833137,330,World,M,98.71,A,"3800 W Jefferson Blvd, South Bend, Indiana, 46619",R,,StreetAddress,,South Bend,,,2018/11/29 05:00:00+00,3800 W Jefferson ,South Bend,IN,No,2018
-86.2537544465491,41.6817295025809,331,World,M,98.71,A,"300 W Marion St, South Bend, Indiana, 46601",R,,StreetAddress,,South Bend,,,2018/10/04 05:00:00+00,300 W Marion ,South Bend,IN,No,2018
-86.3041193366961,41.6629068892251,332,World,M,98.71,A,"4000 W Sample St, South Bend, Indiana, 46619",R,,PointAddress,,South Bend,,,2018/11/29 05:00:00+00,4000 W Sample ,South Bend,IN,No,2018
-86.2235929629453,41.6943916764872,333,World,M,97.46,A,"1700 South Bend Ave, South Bend, Indiana, 46637",R,,StreetAddress,,South Bend,,,2018/08/18 05:00:00+00,1700 E South Bend,South Bend,IN,No,2018
-86.2850653945771,41.6815044430118,334,World,M,97.46,A,"2500 Bertrand St, South Bend, Indiana, 46628",R,,StreetAddress,,South Bend,,,2018/08/24 05:00:00+00,2500 W Bertrand ,South Bend,IN,No,2018
-86.2587679263596,41.6563620865367,335,World,M,98.71,A,"1700 S Scott St, South Bend, Indiana, 46613",R,,StreetAddress,,South Bend,,,2018/12/02 05:00:00+00,1700 S Scott ,South Bend,IN,No,2018
-86.2537544465491,41.6817295025809,336,World,M,98.71,A,"300 W Marion St, South Bend, Indiana, 46601",R,,StreetAddress,,South Bend,,,2018/10/04 05:00:00+00,300 W Marion ,South Bend,IN,No,2018
-86.2587679263596,41.6563620865367,337,World,M,98.71,A,"1700 S Scott St, South Bend, Indiana, 46613",R,,StreetAddress,,South Bend,,,2018/12/02 05:00:00+00,1700 S Scott ,South Bend,IN,No,2018
-86.2537544465491,41.6817295025809,338,World,M,98.71,A,"300 W Marion St, South Bend, Indiana, 46601",R,,StreetAddress,,South Bend,,,2018/10/04 05:00:00+00,300 W Marion ,South Bend,IN,No,2018
-86.265993775181,41.6720718856074,339,World,M,98.71,A,"1100 W Western Ave, South Bend, Indiana, 46601",R,,StreetAddress,,South Bend,,,2018/10/13 05:00:00+00,1100 W Western ,South Bend,IN,No,2018
-86.2823036006407,41.6806548355157,340,World,M,98.7,A,"2300 Kenwood Ave, South Bend, Indiana, 46628",R,,StreetAddress,,South Bend,,,2018/10/22 05:00:00+00,2300 Kenwood  ,South Bend,IN,No,2018
-86.2537544465491,41.6817295025809,341,World,M,98.71,A,"300 W Marion St, South Bend, Indiana, 46601",R,,StreetAddress,,South Bend,,,2018/10/04 05:00:00+00,300 W Marion ,South Bend,IN,No,2018
-86.264518491593,41.6774905519778,342,World,M,98.71,A,"1000 W Colfax Ave, South Bend, Indiana, 46616",R,,StreetAddress,,South Bend,,,2018/10/28 05:00:00+00,1000 W Colfax ,South Bend,IN,No,2018
-86.2749399543519,41.6548764684629,343,World,M,97.46,A,"1800 Pulaski St, South Bend, Indiana, 46613",R,,StreetAddress,,South Bend,,,2018/10/31 05:00:00+00,1800 S Pulaski ,South Bend,IN,No,2018
-86.2393014431882,41.6387176843575,344,World,M,97.46,A,"3600 High St, South Bend, Indiana, 46614",R,,StreetAddress,,South Bend,,,2018/12/16 05:00:00+00,3600 S High ,South Bend,IN,No,2018
-86.2749399543519,41.6548764684629,345,World,M,97.46,A,"1800 Pulaski St, South Bend, Indiana, 46613",R,,StreetAddress,,South Bend,,,2018/10/31 05:00:00+00,1800 S Pulaski ,South Bend,IN,No,2018
-86.2837144096468,41.6489246001359,346,World,M,97.46,A,"2500 Prairie Ave, South Bend, Indiana, 46614",R,,StreetAddress,,South Bend,,,2018/11/03 05:00:00+00,2500 W Prairie ,South Bend,IN,Yes,2018
-86.2427107154093,41.6591464292452,348,,M,100,PP,"Haney Ave, South Bend, IN 46613",,,,,South Bend,,,2019/01/01 05:00:00+00,"Haney Ave, South Bend, IN 46613",,,No,2019
-86.2496845716929,41.6478217142762,349,,M,100,PP,"2600 S Michigan St, South Bend, IN 46614",,,,,South Bend,,,2019/01/02 05:00:00+00,"2600 S Michigan St, South Bend, IN 46614",,,No,2019
-86.3133163773945,41.6573851269242,350,Centerline_SJC,T,96.04,A,"4800 BELLEVILLE CIR, SOUTH BEND, 46619",L,0,StreetAddress,,South Bend,,,2019/01/06 05:00:00+00,"4800 Belleville Cir, South Bend, IN 46619",,,No,2019
-86.2327641567611,41.659417028974,351,Centerline_SJC,M,96.04,A,"1200 E HANEY AV, SOUTH BEND, 46613",R,0,StreetAddress,,South Bend,,,2019/01/12 05:00:00+00,"1200 E Haney Ave, South Bend, IN 46613",,,No,2019
-86.260991948372,41.6563561113398,352,Centerline_SJC,M,96.04,A,"1700 S CHAPIN ST, SOUTH BEND, 46613",L,0,StreetAddress,,South Bend,,,2019/01/13 05:00:00+00,"1700 S Chapin St, South Bend, IN 46613",,,No,2019
-86.2774515864084,41.681256984711,353,Centerline_SJC,M,96.04,A,"500 N BROOKFIELD ST, SOUTH BEND, 46628",R,0,StreetAddress,,South Bend,,,2019/01/13 05:00:00+00,"500 N Brookfield St, South Bend, IN 46628",,,Yes,2019
-86.2774515864084,41.681256984711,354,Centerline_SJC,M,96.04,A,"500 N BROOKFIELD ST, SOUTH BEND, 46628",R,0,StreetAddress,,South Bend,,,2019/01/13 05:00:00+00,"500 N Brookfield St, South Bend, IN 46628",,,No,2019
-86.2611556348559,41.6833272580602,355,Centerline_SJC,M,96.04,A,"600 N CUSHING ST, SOUTH BEND, 46616",R,0,StreetAddress,,South Bend,,,2019/01/14 05:00:00+00,"600 N Cushing St, South Bend, IN 46616",,,No,2019
-86.2687355213267,41.6657943852986,356,Centerline_SJC,M,96.04,A,"1300 W FISHER ST, SOUTH BEND, 46619",L,0,StreetAddress,,South Bend,,,2019/02/22 05:00:00+00,"1300 W Fisher St, South Bend, IN 46619",,,No,2019
-86.2704372018356,41.6761297925436,357,Centerline_SJC,M,96.04,A,"1300 W WASHINGTON ST, SOUTH BEND, 46601",L,0,StreetAddress,,South Bend,,,2019/02/25 05:00:00+00,"1300 W Washington St, South Bend, IN 46601",,,Yes,2019
-86.2704367387322,41.6761304846688,358,,M,100,PP,"100 N Walnut St, South Bend, IN 46628",,,,,South Bend,,,2019/03/11 05:00:00+00,"100 N Walnut St, South Bend, IN 46628",,,No,2019
-86.2499595852583,41.6568270945665,359,Centerline_SJC,M,75.04,M,"1601 S MICHIGAN ST, SOUTH BEND, 46613",L,0,StreetAddress,,South Bend,,,2019/03/23 05:00:00+00,"1600 S Michigan St, South Bend, IN 46613",,,No,2019
-86.2810989233665,41.7083137327138,360,Centerline_SJC,M,96.04,A,"2100 W LATHROP ST, SOUTH BEND, 46628",L,0,StreetAddress,,South Bend,,,2019/03/29 05:00:00+00,"2100 W Lathrop St, South Bend, IN 46628",,,No,2019
-86.2382771520562,41.6765451663715,361,Centerline_SJC,M,96.04,A,"100 N NOTRE DAME AV, SOUTH BEND, 46617",R,0,StreetAddress,,,,,2019/03/31 05:00:00+00,"100 N Notre Dame Ave, South Bend, IN 46617",,,No,2019
-86.2797545850452,41.67935947783,362,,M,100,PP,"1700 N Kaley St, South Bend, IN 46628",,,,,,,,2019/03/31 05:00:00+00,"300 N O'brien St, South Bend, IN 46628",,,No,2019
-86.287372241824,41.6974418038674,363,Centerline_SJC,M,96.04,A,"1700 N KALEY ST, SOUTH BEND, 46628",R,0,StreetAddress,,,,,2019/03/31 05:00:00+00,"1700 N Kaley St, South Bend, IN 46628",,,No,2019
-86.2797571429218,41.6793607139139,364,,M,100,PP,"300 N Eddy St, South Bend, IN 46617",,,,,,,,2019/04/08 05:00:00+00,"300 N O'brien St, South Bend, IN 46628",,,Yes,2019
-86.2352777151117,41.6792320000554,365,,M,100,PP,"100 W Lasalle Ave, South Bend, IN 46601",,,,,,,,2019/04/11 05:00:00+00,"300 N Eddy St, South Bend, IN 46617",,,No,2019
-86.2504314124416,41.6790452978193,366,Centerline_SJC,M,96.04,A,"100 W LASALLE AV, SOUTH BEND, 46601",L,0,StreetAddress,,,,,2019/04/20 05:00:00+00,"100 W Lasalle Ave, South Bend, IN 46601",,,No,2019
-86.2700959913572,41.6701693859441,367,Centerline_SJC,M,96.04,A,"1300 W HURON ST, SOUTH BEND, 46619",L,0,StreetAddress,,,,,2019/04/28 05:00:00+00,"1300 W Huron St, South Bend, IN 46619",,,No,2019
-86.2537225447941,41.6817143833702,368,Centerline_SJC,M,96.04,A,"300 W MARION ST, SOUTH BEND, 46601",L,0,StreetAddress,,,,,2019/04/28 05:00:00+00,"300 W Marion St, South Bend, IN 46601",,,Yes,2019
-86.2432282602539,41.6683263744292,369,Centerline_SJC,M,96.04,A,"600 E BRONSON ST, SOUTH BEND, 46601",R,0,StreetAddress,,,,,2019/04/29 05:00:00+00,"600 E Bronson St, South Bend, IN 46601",,,No,2019
-86.2499595852583,41.6568270945665,370,Centerline_SJC,M,75.04,M,"1601 S MICHIGAN ST, SOUTH BEND, 46613",L,0,StreetAddress,,,,,2019/05/12 05:00:00+00,"1600 S Michigan St, South Bend, IN 46613",,,No,2019
-86.2826272487475,41.6937687813283,371,Centerline_SJC,M,96.04,A,"2300 W ELWOOD AV, SOUTH BEND, 46628",L,0,StreetAddress,,,,,2019/05/16 05:00:00+00,"2300 W Elwood Ave, South Bend, IN 46628",,,No,2019
-86.257970863434,41.6843128559585,372,Centerline_SJC,M,75.04,M,"701 N PORTAGE AV, SOUTH BEND, 46616",L,0,StreetAddress,,,,,2019/05/17 05:00:00+00,"700 N Portage Ave, South Bend, IN 46616",,,No,2019
-86.2822776908759,41.6720553264917,373,Centerline_SJC,M,96.04,A,"2300 W WESTERN AV, SOUTH BEND, 46619",L,0,StreetAddress,,,,,2019/05/18 05:00:00+00,"2300 W Western Ave, South Bend, IN 46619",,,No,2019
-86.2587173762751,41.6563392034324,374,Centerline_SJC,M,75.04,M,"1701 S SCOTT ST, SOUTH BEND, 46613",L,0,StreetAddress,,,,,2019/05/30 05:00:00+00,"1700 S Scott St, South Bend, IN 46613",,,No,2019
-86.2587173762751,41.6563392034324,375,Centerline_SJC,M,75.04,M,"1701 S SCOTT ST, SOUTH BEND, 46613",L,0,StreetAddress,,,,,2019/05/30 05:00:00+00,"1700 S Scott St, South Bend, IN 46613",,,No,2019
-86.2763735572283,41.6892758602745,376,Centerline_SJC,M,96.04,A,"1100 N COLLEGE ST, SOUTH BEND, 46628",R,0,StreetAddress,,,,,2019/05/31 05:00:00+00,"1100 N College St, South Bend, IN 46628",,,No,2019
-86.2826272487475,41.6937687813283,377,Centerline_SJC,M,96.04,A,"2300 W ELWOOD AV, SOUTH BEND, 46628",L,0,StreetAddress,,,,,2019/06/04 05:00:00+00,"2300 W Elwood Ave, South Bend, IN 46628",,,No,2019
-86.2496048739342,41.647107257457,378,Centerline_SJC,M,96.04,A,"100 E IRVINGTON ST, SOUTH BEND, 46614",L,0,StreetAddress,,,,,2019/06/06 05:00:00+00,"100 E Irvington St, South Bend, IN 46614",,,No,2019
-86.2496048739342,41.647107257457,379,Centerline_SJC,M,96.04,A,"100 E IRVINGTON ST, SOUTH BEND, 46614",L,0,StreetAddress,,,,,2019/06/06 05:00:00+00,"100 E Irvington St, South Bend, IN 46614",,,No,2019
-86.2858966975851,41.6734585380652,380,Centerline_SJC,M,96.04,A,"200 S MEADE ST, SOUTH BEND, 46619",R,0,StreetAddress,,,,,2019/06/06 05:00:00+00,"200 S Meade St, South Bend, IN 46619",,,No,2019
-86.2858966975851,41.6734585380652,381,Centerline_SJC,M,96.04,A,"200 S MEADE ST, SOUTH BEND, 46619",R,0,StreetAddress,,,,,2019/06/06 05:00:00+00,"200 S Meade St, South Bend, IN 46619",,,No,2019
-86.2880111740073,41.7184810623856,382,Address_CoSB,M,93.15,A,"2700 BUCKSKIN LN 34, SOUTH BEND, IN, 46628",,15988,PointAddress,,,,,2019/06/07 05:00:00+00,"2700 W Buckskin Ln, South Bend, IN 46628",,,Yes,2019
-86.2765781532452,41.6820927962273,383,Centerline_SJC,M,85.08,A,"1800 W FASSNACHT ST, SOUTH BEND, 46628",L,0,StreetAddress,,,,,2019/06/08 05:00:00+00,"1800 W Fassnacht Ave, South Bend, IN 46628",,,No,2019
-86.2858966975851,41.6734585380652,384,Centerline_SJC,M,96.04,A,"200 S MEADE ST, SOUTH BEND, 46619",R,0,StreetAddress,,,,,2019/06/09 05:00:00+00,"200 S Meade St, South Bend, IN 46619",,,No,2019
-86.2858966975851,41.6734585380652,385,Centerline_SJC,M,96.04,A,"200 S MEADE ST, SOUTH BEND, 46619",R,0,StreetAddress,,,,,2019/06/09 05:00:00+00,"200 S Meade St, South Bend, IN 46619",,,No,2019
-86.2858966975851,41.6734585380652,386,Centerline_SJC,M,96.04,A,"200 S MEADE ST, SOUTH BEND, 46619",R,0,StreetAddress,,,,,2019/06/09 05:00:00+00,"200 S Meade St, South Bend, IN 46619",,,No,2019
-86.2767112611356,41.6502892493835,387,Centerline_SJC,T,96.04,A,"1800 W EWING AV, SOUTH BEND, 46613",L,0,StreetAddress,,,,,2019/06/19 05:00:00+00,"1800 W Ewing Ave, South Bend, IN 46613",,,No,2019
-86.3158508077938,41.6764022791589,388,,M,100,PP,"x=-86.315851, y=41.676402",,,,,,,,2019/06/19 05:00:00+00,"100 N Woodhill Ln, South Bend, IN 46619",,,Yes,2019
-86.2327079852948,41.6664326757709,389,Centerline_SJC,T,96.04,A,"1200 E MISHAWAKA AV, SOUTH BEND, 46615",R,0,StreetAddress,,,,,2019/06/23 05:00:00+00,"1200 E Mishawaka Ave, South Bend, IN 46615",,,Yes,2019
-86.2327079852948,41.6664326757709,390,Centerline_SJC,T,96.04,A,"1200 E MISHAWAKA AV, SOUTH BEND, 46615",R,0,StreetAddress,,,,,2019/06/23 05:00:00+00,"1200 E Mishawaka Ave, South Bend, IN 46615",,,No,2019
-86.2327079852948,41.6664326757709,391,Centerline_SJC,T,96.04,A,"1200 E MISHAWAKA AV, SOUTH BEND, 46615",R,0,StreetAddress,,,,,2019/06/23 05:00:00+00,"1200 E Mishawaka Ave, South Bend, IN 46615",,,No,2019
-86.2327079852948,41.6664326757709,392,Centerline_SJC,T,96.04,A,"1200 E MISHAWAKA AV, SOUTH BEND, 46615",R,0,StreetAddress,,,,,2019/06/23 05:00:00+00,"1200 E Mishawaka Ave, South Bend, IN 46615",,,No,2019
-86.2327079852948,41.6664326757709,393,Centerline_SJC,T,96.04,A,"1200 E MISHAWAKA AV, SOUTH BEND, 46615",R,0,StreetAddress,,,,,2019/06/23 05:00:00+00,"1200 E Mishawaka Ave, South Bend, IN 46615",,,No,2019
-86.2327079852948,41.6664326757709,394,Centerline_SJC,T,96.04,A,"1200 E MISHAWAKA AV, SOUTH BEND, 46615",R,0,StreetAddress,,,,,2019/06/23 05:00:00+00,"1200 E Mishawaka Ave, South Bend, IN 46615",,,No,2019
-86.2327079852948,41.6664326757709,395,Centerline_SJC,T,96.04,A,"1200 E MISHAWAKA AV, SOUTH BEND, 46615",R,0,StreetAddress,,,,,2019/06/23 05:00:00+00,"1200 E Mishawaka Ave, South Bend, IN 46615",,,No,2019
-86.2327079852948,41.6664326757709,396,Centerline_SJC,T,96.04,A,"1200 E MISHAWAKA AV, SOUTH BEND, 46615",R,0,StreetAddress,,,,,2019/06/23 05:00:00+00,"1200 E Mishawaka Ave, South Bend, IN 46615",,,No,2019
-86.2327079852948,41.6664326757709,397,Centerline_SJC,T,96.04,A,"1200 E MISHAWAKA AV, SOUTH BEND, 46615",R,0,StreetAddress,,,,,2019/06/23 05:00:00+00,"1200 E Mishawaka Ave, South Bend, IN 46615",,,No,2019
-86.2327079852948,41.6664326757709,398,Centerline_SJC,T,96.04,A,"1200 E MISHAWAKA AV, SOUTH BEND, 46615",R,0,StreetAddress,,,,,2019/06/23 05:00:00+00,"1200 E Mishawaka Ave, South Bend, IN 46615",,,No,2019
-86.2327079852948,41.6664326757709,399,Centerline_SJC,T,96.04,A,"1200 E MISHAWAKA AV, SOUTH BEND, 46615",R,0,StreetAddress,,,,,2019/06/23 05:00:00+00,"1200 E Mishawaka Ave, South Bend, IN 46615",,,No,2019
-86.3139173743242,41.6616726987314,400,Centerline_SJC,M,96.04,A,"4800 W MEADOW LN, SOUTH BEND, 46619",L,0,StreetAddress,,,,,2019/06/29 05:00:00+00,"4800 W Meadow Ln, South Bend, IN 46619",,,No,2019
-86.3139173743242,41.6616726987314,401,Centerline_SJC,M,96.04,A,"4800 W MEADOW LN, SOUTH BEND, 46619",L,0,StreetAddress,,,,,2019/06/29 05:00:00+00,"4800 W Meadow Ln, South Bend, IN 46619",,,No,2019
-86.297742856745,41.6890464289353,402,,M,100,PP,"3400 Putnam Pl , South Bend, IN 46628",,,,,,,,2019/06/29 05:00:00+00,"3400 Putnam Pl , South Bend, IN 46628",,,No,2019
-86.2320061599022,41.6585297566512,403,Centerline_SJC,M,96.04,A,"1200 E INDIANA AV, SOUTH BEND, 46613",R,0,StreetAddress,,,,,2019/07/06 05:00:00+00,"1200 E Indiana Ave, South Bend, IN 46613",,,No,2019
-86.2811353153457,41.6807517056553,404,Centerline_SJC,M,75.04,M,"2201 KENWOOD AV, SOUTH BEND, 46628",R,0,StreetAddress,,,,,2019/07/11 05:00:00+00,"2200 Kenwood Ave, South Bend, IN 46628",,,No,2019
-86.2879017711149,41.6771292146742,405,,M,100,PP,"200 N Kaley St, South Bend, IN 46619",,,,,,,,2019/07/13 05:00:00+00,"200 N Kaley St, South Bend, IN 46619",,,No,2019
-86.2890015400123,41.6729532863719,406,Centerline_SJC,M,96.04,A,"300 S BENDIX DR, SOUTH BEND, 46619",R,0,StreetAddress,,,,,2019/07/14 05:00:00+00,"300 S Bendix Dr, South Bend, IN 46619",,,No,2019
-86.2458972829476,41.6792104422796,407,Centerline_SJC,M,94.62,A,"400 E LA SALLE AV, SOUTH BEND, 46617",L,0,StreetAddress,,,,,2019/07/21 05:00:00+00,"400 E Lasalle Ave, South Bend, IN 46617",,,No,2019
-86.2458972829476,41.6792104422796,408,Centerline_SJC,M,94.62,A,"400 E LA SALLE AV, SOUTH BEND, 46617",L,0,StreetAddress,,,,,2019/07/21 05:00:00+00,"400 E Lasalle Ave, South Bend, IN 46617",,,No,2019
-86.2458972829476,41.6792104422796,409,Centerline_SJC,M,94.62,A,"400 E LA SALLE AV, SOUTH BEND, 46617",L,0,StreetAddress,,,,,2019/07/21 05:00:00+00,"400 E Lasalle Ave, South Bend, IN 46617",,,Yes,2019
-86.3100422638816,41.6718238312988,410,Centerline_SJC,T,96.04,A,"4400 W WESTERN AV, SOUTH BEND, 46619",L,0,StreetAddress,,,,,2019/07/27 05:00:00+00,"4400 W Western Ave, South Bend, IN 46619",,,No,2019
-86.2330836114483,41.6835408456462,411,,M,100,PP,"1200 E Cedar St, South Bend, IN 46617",,,,,,,,2019/08/03 05:00:00+00,"N Arthur St, South Bend, IN 46617",,,No,2019
-86.2330997037319,41.6819273143604,412,,M,100,PP,"2500 Kenwood Ave, South Bend, IN 46628",,,,,,,,2019/08/03 05:00:00+00,"1200 E Cedar St, South Bend, IN 46617",,,No,2019
-86.2850100658844,41.6806113370789,413,Centerline_SJC,M,96.04,A,"2500 KENWOOD AV, SOUTH BEND, 46628",L,0,StreetAddress,,,,,2019/08/03 05:00:00+00,"2500 Kenwood Ave, South Bend, IN 46628",,,No,2019
-86.3120814252665,41.6718297620889,414,Centerline_SJC,M,96.04,A,"4600 W WESTERN AV, SOUTH BEND, 46619",L,0,StreetAddress,,,,,2019/08/11 05:00:00+00,"4600 W Western Ave, South Bend, IN 46619",,,No,2019
-86.3120814252665,41.6718297620889,415,Centerline_SJC,M,96.04,A,"4600 W WESTERN AV, SOUTH BEND, 46619",L,0,StreetAddress,,,,,2019/08/11 05:00:00+00,"4600 W Western Ave, South Bend, IN 46619",,,No,2019
-86.3120814252665,41.6718297620889,416,Centerline_SJC,M,96.04,A,"4600 W WESTERN AV, SOUTH BEND, 46619",L,0,StreetAddress,,,,,2019/08/11 05:00:00+00,"4600 W Western Ave, South Bend, IN 46619",,,No,2019
-86.3018275674106,41.690290178775,417,,M,100,PP,"1000 W Lincoln Way , South Bend, IN 46616",,,,,,,,2019/08/11 05:00:00+00,"3800 N Curtiss Dr, South Bend, IN 46628",,,No,2019
-86.263680730862,41.68237933749,418,,M,100,PP,"600 W Lasalle Ave, South Bend, IN 46601",,,,,,,,2019/08/12 05:00:00+00,"1000 W Lincoln Way , South Bend, IN 46616",,,No,2019
-86.257859386189,41.6789732276302,419,Centerline_SJC,M,96.04,A,"600 W LASALLE AV, SOUTH BEND, 46601",L,0,StreetAddress,,,,,2019/08/12 05:00:00+00,"600 W Lasalle Ave, South Bend, IN 46601",,,No,2019
-86.2682997272886,41.6761585130851,420,Centerline_SJC,M,96.04,A,"1200 W WASHINGTON ST, SOUTH BEND, 46601",L,0,StreetAddress,,,,,2019/08/14 05:00:00+00,"1200 W Washington St, South Bend, IN 46601",,,No,2019
-86.2185727240105,41.6294327868061,421,Centerline_SJC,M,75.04,M,"1901 E IRELAND RD, SOUTH BEND, 46614",R,0,StreetAddress,,,,,2019/08/16 05:00:00+00,"1900 E Ireland Rd, South Bend, IN 46614",,,No,2019
-86.2391238891764,41.6396889052604,422,Centerline_SJC,M,96.04,A,"3400 S HIGH ST, SOUTH BEND, 46614",L,0,StreetAddress,,,,,2019/08/17 05:00:00+00,"3400 S High St, South Bend, IN 46614",,,No,2019
-86.2685218945448,41.650371033985,423,,M,100,PP,"1300 W Ewing Ave, South Bend, IN 46613",,,,,,,,2019/08/21 05:00:00+00,"1300 W Ewing Ave, South Bend, IN 46613",,,No,2019
-86.2677940634555,41.6834976622698,424,Centerline_SJC,M,77.78,M,"1200 LINCOLN WAY W, SOUTH BEND, 46628",L,0,StreetAddress,,,,,2019/08/23 05:00:00+00,"1200 W Lincoln Way, South Bend, IN 46628",,,No,2019
-86.2812100618294,41.6892695206879,425,Centerline_SJC,M,96.04,A,"1100 N HUEY ST, SOUTH BEND, 46628",R,0,StreetAddress,,,,,2019/08/26 05:00:00+00,"1100 N Huey St, South Bend, IN 46628",,,No,2019
-86.28135524916,41.697516059491,426,Centerline_SJC,M,96.04,A,"1700 N HUEY ST, SOUTH BEND, 46628",R,0,StreetAddress,,,,,2019/09/08 05:00:00+00,"1700 N Huey St, South Bend, IN 46628",,,No,2019
-86.2850100658844,41.6806113370789,427,Centerline_SJC,M,96.04,A,"2500 KENWOOD AV, SOUTH BEND, 46628",L,0,StreetAddress,,,,,2019/09/08 05:00:00+00,"2500 Kenwood Ave, South Bend, IN 46628",,,No,2019
-86.2773998273172,41.6794188655665,428,Centerline_SJC,M,96.04,A,"300 N BROOKFIELD ST, SOUTH BEND, 46628",R,0,StreetAddress,,,,,2019/09/14 05:00:00+00,"300 N Brookfield St, South Bend, IN 46628",,,No,2019
-86.2777166763972,41.6864691192783,429,Centerline_SJC,M,77.78,M,"1900 LINCOLN WAY W, SOUTH BEND, 46628",L,0,StreetAddress,,,,,2019/09/15 05:00:00+00,"1900 W Lincoln Way, South Bend, IN 46628",,,No,2019
-86.296745370801,41.6921974335399,430,,M,100,PP,"1200 E Donald St, South Bend, IN 46613",,,,,,,,2019/09/18 05:00:00+00,"3400 W Lincoln Way, South Bend, IN 46628",,,Yes,2019
-86.2672120236098,41.6521739583023,431,Centerline_SJC,M,86.91,A,"1200 W DONALD ST, SOUTH BEND, 46613",L,0,StreetAddress,,,,,2019/09/19 05:00:00+00,"1200 E Donald St, South Bend, IN 46613",,,No,2019
-86.2459635517213,41.6480467316255,432,Centerline_SJC,M,96.04,A,"300 E FAIRVIEW AV, SOUTH BEND, 46614",L,0,StreetAddress,,,,,2019/09/20 05:00:00+00,"300 E Fairview Ave, South Bend, IN 46614",,,No,2019
-86.2331626059094,41.6818848916802,433,,M,100,PP,"1200 E Cedar St, South Bend, IN 46617",,,,,,,,2019/09/21 05:00:00+00,"1200 E Cedar St, South Bend, IN 46617",,,Yes,2019
-86.2331668844319,41.6819286138271,434,,M,100,PP,"1200 E Cedar St, South Bend, IN 46617",,,,,,,,2019/09/21 05:00:00+00,"1200 E Cedar St, South Bend, IN 46617",,,No,2019
-86.2331672675694,41.6819286137393,435,,M,100,PP,"1200 E Cedar St, South Bend, IN 46617",,,,,,,,2019/09/21 05:00:00+00,"1200 E Cedar St, South Bend, IN 46617",,,No,2019
-86.2331675458696,41.6819289851255,436,,M,100,PP,"1200 E Cedar St, South Bend, IN 46617",,,,,,,,2019/09/21 05:00:00+00,"1200 E Cedar St, South Bend, IN 46617",,,No,2019
-86.2696766142778,41.6947111703766,437,Centerline_SJC,M,96.04,A,"1300 W KING ST, SOUTH BEND, 46628",L,0,StreetAddress,,,,,2019/10/01 05:00:00+00,"1300 W King St, South Bend, IN 46628",,,No,2019
-86.2536076221325,41.6791260037892,438,,M,100,PP,"300 N Lafayette Blvd, South Bend, IN 46637",,,,,,,,2019/10/19 05:00:00+00,"300 N Lafayette Blvd, South Bend, IN 46637",,,Yes,2019
-86.2445202876727,41.6601510477015,439,,M,100,PP,"500 E Broadway St, South Bend, IN 46601",,,,,,,,2019/10/23 05:00:00+00,"500 E Broadway St, South Bend, IN 46601",,,No,2019
-86.2813416384553,41.6907098967064,440,Centerline_SJC,M,96.04,A,"2200 W HUMBOLDT ST, SOUTH BEND, 46628",L,0,StreetAddress,,,,,2019/10/27 05:00:00+00,"2200 W Humboldt St, South Bend, IN 46628",,,No,2019
-86.2813416384553,41.6907098967064,441,Centerline_SJC,M,96.04,A,"2200 W HUMBOLDT ST, SOUTH BEND, 46628",L,0,StreetAddress,,,,,2019/10/27 05:00:00+00,"2200 W Humboldt St, South Bend, IN 46628",,,No,2019
-86.2813416384553,41.6907098967064,442,Centerline_SJC,M,96.04,A,"2200 W HUMBOLDT ST, SOUTH BEND, 46628",L,0,StreetAddress,,,,,2019/10/27 05:00:00+00,"2200 W Humboldt St, South Bend, IN 46628",,,No,2019
-86.2858126487146,41.6701930348908,443,,M,100,PP,"2600 W Huron St, South Bend, IN 46619",,,,,,,,2019/11/10 05:00:00+00,"2600 W Huron St, South Bend, IN 46619",,,No,2019
-86.2775448141282,41.6793540320002,444,,M,100,PP,"1900 W Linden Ave, South Bend, IN 46619",,,,,,,,2019/11/17 05:00:00+00,"1900 W Linden Ave, South Bend, IN 46619",,,No,2019
-86.2835119907822,41.6674586704316,445,Centerline_SJC,M,96.04,A,"2400 W POLAND ST, SOUTH BEND, 46619",L,0,StreetAddress,,,,,2019/11/23 05:00:00+00,"2400 W Poland St, South Bend, IN 46619",,,No,2019
-86.230278122966,41.6590963289265,446,Centerline_SJC,M,86.91,A,"1500 S LEER ST, SOUTH BEND, 46613",L,0,StreetAddress,,,,,2019/12/01 05:00:00+00,"1500 Leer St , South Bend, IN 46613",,,No,2019
-86.277375667643,41.653908044316,447,Centerline_SJC,M,86.91,A,"1900 W CALVERT ST, SOUTH BEND, 46613",L,0,StreetAddress,,,,,2019/12/03 05:00:00+00,"1900 E Calvert St, South Bend, IN 46613",,,No,2019
-86.2350986902646,41.6294561852471,448,Centerline_SJC,M,96.04,A,"1000 E IRELAND RD, SOUTH BEND, 46614",L,0,StreetAddress,,,,,2019/12/08 05:00:00+00,"1000 E Ireland Rd, South Bend, IN 46614",,,No,2019
-86.2995988221496,41.6718721090874,449,Centerline_SJC,M,96.04,A,"400 S WELLINGTON ST, SOUTH BEND, 46619",L,0,StreetAddress,,,,,2019/12/09 05:00:00+00,"400 S Wellington St, South Bend, IN 46619",,,No,2019
-86.2995988221496,41.6718721090874,450,Centerline_SJC,M,96.04,A,"400 S WELLINGTON ST, SOUTH BEND, 46619",L,0,StreetAddress,,,,,2019/12/09 05:00:00+00,"400 S Wellington St, South Bend, IN 46619",,,No,2019
-86.2775457497117,41.6793540315293,451,,M,100,PP,"1900 Linden Ave, South Bend, IN 46628",,,,,,,,2019/12/22 05:00:00+00,"1900 Linden Ave, South Bend, IN 46628",,,No,2019
-86.2775452788952,41.6793544103911,452,,M,100,PP,"1900 Linden Ave, South Bend, IN 46628",,,,,,,,2019/12/22 05:00:00+00,"1900 Linden Ave, South Bend, IN 46628",,,No,2019
-86.2731702129139,41.6818392719766,453,Centerline_SJC,M,96.04,A,"500 N BIRDSELL ST, SOUTH BEND, 46628",R,0,StreetAddress,,,,,2019/12/24 05:00:00+00,"500 N Birdsell St, South Bend, IN 46628",,,No,2019
-86.2826272487475,41.6937687813283,454,Centerline_SJC,M,96.04,A,"2300 W ELWOOD AV, SOUTH BEND, 46628",L,0,StreetAddress,,,,,2019/12/26 05:00:00+00,"2300 W Elwood Ave, South Bend, IN 46628",,,No,2019
-86.251641845166,41.6584557097595,455,Centerline_SJC,M,96.04,A,"1500 S MAIN ST, SOUTH BEND, 46613",R,0,StreetAddress,,,,,2019/12/28 05:00:00+00,"1500 S Main St, South Bend, IN 46613",,,No,2019
-86.2645756427125,41.6808936224198,456,Centerline_SJC,M,96.04,A,"500 N SHERMAN AV, SOUTH BEND, 46616",R,0,StreetAddress,,,,,2019/12/30 05:00:00+00,"500 N Sherman Ave, South Bend, IN 46616",,,No,2019
